商品名：,SALONIA スタイリングオイル スタイリングミルク サロニア 質感 メイク アレンジ ダメージケア スタイリング ヘアアレンジ ヘアアイロン 髪
説明：,【ご注文ごとの発送となりますので、同梱ご希望の場合はまとめてご注文をお願い致します。】
価格：,1760
商品コード：,queensshop_sal051
JANコード：,4562465442178
商品URL,https://store.shopping.yahoo.co.jp/queensshop/sal051.html
"
"
商品名：,SALONIA サロニア スタイリングミルク (ストレート) 120mL ナチュラルハーブの香り
説明：,??【アイロン前のプレケア】熱を味方に、うねりや広がりを抑え、しっとりストレートスタイルがつづく<br>??【ヘアミルクタイプ】髪に馴染ませやすく「つけムラ」「べたつき」「パサつき」が防げる<br>??【ダメージ補修】ダメージによる髪内部空洞化を毛髪補修成分※1で補修。さらに、ヒートアクティブ成分※2がヘアアイロンの熱を利用して髪に吸着しキューティクルを補修します。<br>??【スタイルキープ】アイロン前に塗布してカタチづけるだけでスタイルキープ※4　朝のスタイルがつづきます。※4　シア脂　(保湿成分)<br>??【しっとりストレート質感】疑似キューティクル成分※5で毛髪補修、バリア機能を保ちながら、うねりや広がりを抑え、しっとりなめらかな指通りに仕上げます。
価格：,1486
商品コード：,tocossshop_2022yr12mt18daywq069ic084mc3tc2
JANコード：,4562465442185
商品URL,https://store.shopping.yahoo.co.jp/tocossshop/2022yr12mt18daywq069ic084mc3tc2.html
"
"
商品名：,SALONIA サロニア スタイリングオイル (ウェット) 100mL ナチュラルハーブの香り
説明：,【商品概要】<br>??【アイロン前のプレケア】毛先のパサつきを抑え、束感のあるウェットスタイルがつづく<br>??【ヘアオイルタイプ】流行の「ツヤ感」「ウェット感」の質感<br>??【ダメージ補修】ダメージによる髪内部空洞化を毛髪補修成分で補修。<br>??【スタイルキープ】アイロン前に塗布してカタチづけるだけでスタイルキープ※4　朝のスタイルがつづく。※4　シア脂　(保湿成分)<br>??【束感のあるウエット質感】つけた時のウェット感がつづく3種のブレンドオイル(コメヌカ油、ホホバ種子油、アンズ核油※5)を採用。毛先のパサつきを抑え、束感のあるウェットヘアがつづきます。※5　保湿成分<br><br>【商品説明】<br>アイロン前のプレケア&lt;br&gt; 熱を味方に、毛先のパサつきを抑え、束感のあるウェットスタイルがつづく&lt;br&gt; &lt;br&gt; ●流行の「ツヤ感」「ウェット感」の質感が作りやすいヘアオイルタイプ&lt;br&gt; &lt;br&gt; 〇ヒートアシスト処方　【オイル、ミルク共通】&lt;br&gt; &lt;br&gt; 　(1)ダメージ補修&lt;br&gt; 　　　ダメージによる髪内部空洞化を毛髪補修成分※1で補修。&lt;br&gt; 　　　さらに、ヒートアクティブ成<br><br>【当店からの連絡】
価格：,1503
商品コード：,polupolu-shop_s-b084mbz2tt-20231011
JANコード：,4562465442178
商品URL,https://store.shopping.yahoo.co.jp/polupolu-shop/s-b084mbz2tt-20231011.html
"
"
商品名：,SALONIA サロニア スタイリングミルク (ストレート) 120mL ナチュラルハーブの香り
説明：,??【アイロン前のプレケア】熱を味方に、うねりや広がりを抑え、しっとりストレートスタイルがつづく<br>??【ヘアミルクタイプ】髪に馴染ませやすく「つけムラ」「べたつき」「パサつき」が防げる<br>??【ダメージ補修】ダメージによる髪内部空洞化を毛髪補修成分※1で補修。さらに、ヒートアクティブ成分※2がヘアアイロンの熱を利用して髪に吸着しキューティクルを補修します。<br>??【スタイルキープ】アイロン前に塗布してカタチづけるだけでスタイルキープ※4　朝のスタイルがつづきます。※4　シア脂　(保湿成分)<br>??【しっとりストレート質感】疑似キューティクル成分※5で毛髪補修、バリア機能を保ちながら、うねりや広がりを抑え、しっとりなめらかな指通りに仕上げます。
価格：,1486
商品コード：,istoire1230_2022yr12mt18daywq069ic084mc3tc2
JANコード：,4562465442185
商品URL,https://store.shopping.yahoo.co.jp/istoire1230/2022yr12mt18daywq069ic084mc3tc2.html
"
"
商品名：,SALONIA サロニア スタイリングオイル (ウェット) 100mL ナチュラルハーブの香り
説明：,・オイル 100ミリリットル (x 1) SAL19027SO<br>・??【アイロン前のプレケア】毛先のパサつきを抑え、束感のあるウェットスタイルがつづく<br>・??【ヘアオイルタイプ】流行の「ツヤ感」「ウェット感」の質感<br>・??【ダメージ補修】ダメージによる髪内部空洞化を毛髪補修成分で補修。<br>・??【スタイルキープ】アイロン前に塗布してカタチづけるだけでスタイルキープ※4　朝のスタイルがつづく。※4　シア脂　(保湿成分)<br>・??【束感のあるウエット質感】つけた時のウェット感がつづく3種のブレンドオイル(コメヌカ油、ホホバ種子油、アンズ核油※5)を採用。毛先のパサつきを抑え、束感のあるウェットヘアがつづきます。※5　保湿成分
価格：,1486
商品コード：,shopearisu_es841415196a
JANコード：,4562465442178
商品URL,https://store.shopping.yahoo.co.jp/shopearisu/es841415196a.html
"
"
商品名：,SALONIA サロニア スタイリングミルク (ストレート) 120mL ナチュラルハーブの香り
説明：,・ミルク 120ミリリットル SAL19027SM<br>・??【アイロン前のプレケア】熱を味方に、うねりや広がりを抑え、しっとりストレートスタイルがつづく<br>・??【ヘアミルクタイプ】髪に馴染ませやすく「つけムラ」「べたつき」「パサつき」が防げる<br>・??【ダメージ補修】ダメージによる髪内部空洞化を毛髪補修成分※1で補修。さらに、ヒートアクティブ成分※2がヘアアイロンの熱を利用して髪に吸着しキューティクルを補修します。<br>・??【スタイルキープ】アイロン前に塗布してカタチづけるだけでスタイルキープ※4　朝のスタイルがつづきます。※4　シア脂　(保湿成分)<br>・??【しっとりストレート質感】疑似キューティクル成分※5で毛髪補修、バリア機能を保ちながら、うねりや広がりを抑え、しっとりなめらかな指通りに仕上げます。
価格：,1749
商品コード：,iinos_iiinos3b67125dc0
JANコード：,4562465442185
商品URL,https://store.shopping.yahoo.co.jp/iinos/iiinos3b67125dc0.html
"
"
商品名：,SALONIA サロニア スタイリングオイル (ウェット) 100mL ナチュラルハーブの香り
説明：,
価格：,1486
商品コード：,tocossshop_2022yr12mt18daywq069ic084mbz2tt
JANコード：,4562465442178
商品URL,https://store.shopping.yahoo.co.jp/tocossshop/2022yr12mt18daywq069ic084mbz2tt.html
"
"
商品名：,SALONIA サロニア ストレートヒートブラシスリム（ブラック）SL-012BKS 中古良品
説明：,スマホ、タブレットからご覧の方は、下記の【商品詳細を見る】から詳細情報を必ずご確認下さい。<br><br>商品名：SALONIA サロニア ストレートヒートブラシスリム（ブラック）SL-012BKS<br><br>商品管理番号：ER6-03-105<br><br>状態：本体に薄いスレ傷や少々の使用感が有ります<br>上記の状態ですが、目立った汚れや傷はなく、中古品としましては良好な状態です。<br><br>※詳しくは画像をご覧下さいませ。<br>※こちらの商品は消毒済みです。<br><br>動作：下記の「商品説明」にて記載しておりますので、必ずご確認お願い致します。<br><br>付属品：下記の「商品説明」にて記載しておりますので、必ずご確認お願い致します。
価格：,1200
商品コード：,re-style5151_er6-03-105
JANコード：,
商品URL,https://store.shopping.yahoo.co.jp/re-style5151/er6-03-105.html
"
"
商品名：,SALONIA サロニア スタイリングオイル (ウェット) 100mL ナチュラルハーブの香り
説明：,・オイル 100ミリリットル (x 1) SAL19027SO<br>・・Color:オイル<br>・??【アイロン前のプレケア】毛先のパサつきを抑え、束感のあるウェットスタイルがつづく<br>・??【ヘアオイルタイプ】流行の「ツヤ感」「ウェット感」の質感<br>・??【ダメージ補修】ダメージによる髪内部空洞化を毛髪補修成分で補修。<br>・??【スタイルキープ】アイロン前に塗布してカタチづけるだけでスタイルキープ※4　朝のスタイルがつづく。※4　シア脂　(保湿成分)<br>・??【束感のあるウエット質感】つけた時のウェット感がつづく3種のブレンドオイル(コメヌカ油、ホホバ種子油、アンズ核油※5)を採用。毛先のパサつきを抑え、束感のあるウェットヘアがつづきます。※5　保湿成分
価格：,1640
商品コード：,otogizakka_nodee31a3763b4cf1
JANコード：,4562465442178
商品URL,https://store.shopping.yahoo.co.jp/otogizakka/nodee31a3763b4cf1.html
"
"
商品名：,SALONIA サロニア スタイリングオイル (ウェット) 100mL ナチュラルハーブの香り
説明：,* アイロン前のプレケア 毛先のパサつきを抑え、束感のあるウェットスタイルがつづく<br>* ヘアオイルタイプ 流行の「ツヤ感」「ウェット感」の質感<br>* ダメージ補修 ダメージによる髪内部空洞化を毛髪補修成分で補修。<br>* スタイルキープ アイロン前に塗布してカタチづけるだけでスタイルキープ※4　朝のスタイルがつづく。※4　シア脂　(保湿成分)<br>* 束感のあるウエット質感 つけた時のウェット感がつづく3種のブレンドオイル(コメヌカ油、ホホバ種子油、アンズ核油※5)を採用。毛先のパサつきを抑え、束感のあるウェットヘアがつづきます。※5　保湿成分<br><br>ビューティー
価格：,1120
商品コード：,sterham0021_wss-14pemi0pdg77
JANコード：,
商品URL,https://store.shopping.yahoo.co.jp/sterham0021/wss-14pemi0pdg77.html
"
"
商品名：,SALONIA サロニア スタイリングオイル (ウェット) 100mL ナチュラルハーブの香り
説明：,・オイル 100ミリリットル (x 1) SAL19027SO<br>・??【アイロン前のプレケア】毛先のパサつきを抑え、束感のあるウェットスタイルがつづく<br>・??【ヘアオイルタイプ】流行の「ツヤ感」「ウェット感」の質感<br>・??【ダメージ補修】ダメージによる髪内部空洞化を毛髪補修成分で補修。<br>・??【スタイルキープ】アイロン前に塗布してカタチづけるだけでスタイルキープ※4　朝のスタイルがつづく。※4　シア脂　(保湿成分)<br>・??【束感のあるウエット質感】つけた時のウェット感がつづく3種のブレンドオイル(コメヌカ油、ホホバ種子油、アンズ核油※5)を採用。毛先のパサつきを抑え、束感のあるウェットヘアがつづきます。※5　保湿成分
価格：,1749
商品コード：,iinos_iiinosf82d405e77
JANコード：,4562465442178
商品URL,https://store.shopping.yahoo.co.jp/iinos/iiinosf82d405e77.html
"
"
商品名：,SALONIA サロニア スタイリングミルク (ストレート) 120mL ナチュラルハーブの香り
説明：,・ミルク  SAL19027SM<br>・・Color:ミルク<br>・【アイロン前のプレケア】熱を味方に、うねりや広がりを抑え、しっとりストレートスタイルがつづく<br>・【ヘアミルクタイプ】髪に馴染ませやすく「つけムラ」「べたつき」「パサつき」が防げる<br>・【ダメージ補修】ダメージによる髪内部空洞化を毛髪補修成分※1で補修。さらに、ヒートアクティブ成分※2がヘアアイロンの熱を利用して髪に吸着しキューティクルを補修します。<br>・【スタイルキープ】アイロン前に塗布してカタチづけるだけでスタイルキープ※4　朝のスタイルがつづきます。※4　シア脂　(保湿成分)<br>・【しっとりストレート質感】疑似キューティクル成分※5で毛髪補修、バリア機能を保ちながら、うねりや広がりを抑え、しっとりなめらかな指通りに仕上げます。
価格：,1640
商品コード：,otogizakka_no796f859ca4a4e15
JANコード：,4562465442185
商品URL,https://store.shopping.yahoo.co.jp/otogizakka/no796f859ca4a4e15.html
"
"
商品名：,SALONIA サロニア スタイリングオイル (ウェット) 100mL ナチュラルハーブの香り
説明：,??【アイロン前のプレケア】毛先のパサつきを抑え、束感のあるウェットスタイルがつづく<br>??【ヘアオイルタイプ】流行の「ツヤ感」「ウェット感」の質感<br>??【ダメージ補修】ダメージによる髪内部空洞化を毛髪補修成分で補修。<br>??【スタイルキープ】アイロン前に塗布してカタチづけるだけでスタイルキープ※4　朝のスタイルがつづく。※4　シア脂　(保湿成分)<br>??【束感のあるウエット質感】つけた時のウェット感がつづく3種のブレンドオイル(コメヌカ油、ホホバ種子油、アンズ核油※5)を採用。毛先のパサつきを抑え、束感のあるウェットヘアがつづきます。※5　保湿成分
価格：,1636
商品コード：,clammm_2022yr12mt18daywq069ic084mbz2tt
JANコード：,4562465442178
商品URL,https://store.shopping.yahoo.co.jp/clammm/2022yr12mt18daywq069ic084mbz2tt.html
"
"
商品名：,SALONIA サロニア スタイリングオイル (ウェット) 100mL ナチュラルハーブの香り
説明：,??【アイロン前のプレケア】毛先のパサつきを抑え、束感のあるウェットスタイルがつづく<br>??【ヘアオイルタイプ】流行の「ツヤ感」「ウェット感」の質感<br>??【ダメージ補修】ダメージによる髪内部空洞化を毛髪補修成分で補修。<br>??【スタイルキープ】アイロン前に塗布してカタチづけるだけでスタイルキープ※4　朝のスタイルがつづく。※4　シア脂　(保湿成分)<br>??【束感のあるウエット質感】つけた時のウェット感がつづく3種のブレンドオイル(コメヌカ油、ホホバ種子油、アンズ核油※5)を採用。毛先のパサつきを抑え、束感のあるウェットヘアがつづきます。※5　保湿成分
価格：,1486
商品コード：,istoire1230_2022yr12mt18daywq069ic084mbz2tt
JANコード：,4562465442178
商品URL,https://store.shopping.yahoo.co.jp/istoire1230/2022yr12mt18daywq069ic084mbz2tt.html
"
"
商品名：,SALONIA サロニア | スマートモイスチャーセラム（BASIC）美容液 スキンケア プロ仕様 プレゼント メンズ レディース マイナスイオ
説明：,・スマートモイスチャーセラム（BASIC）  SAL20001DS<br>・・PatternName:[単品]スマートモイスチャーセラム<br>・「潤う」を追求した多機能美容液<br>・化粧水・乳液・クリーム・美容液・パックの1つで5役！<br>・キャップレスで直接ON!デバイスを持つ手を汚さない<br>・浸透・保湿に優れた美容液が心地よく肌を滑ります<br>・最後まで使い切れるエアレスボトル
価格：,1916
商品コード：,ririnana_1287a9c1202
JANコード：,4562465443106
商品URL,https://store.shopping.yahoo.co.jp/ririnana/1287a9c1202.html
"
"
商品名：,SALONIA サロニア スタイリングミルク (ストレート) 120mL ナチュラルハーブの香り
説明：,SALONIA サロニア スタイリングミルク (ストレート) 120mL ナチュラルハーブの香り<br><br>商品コード：16046805342<br>型番：SAL19027SM<br>サイズ：120ミリリットル<br>カラー：ミルク<br><br>?【アイロン前のプレケア】熱を味方に、うねりや広がりを抑え、しっとりストレートスタイルがつづく<br>?【ヘアミルクタイプ】髪に馴染ませやすく「つけムラ」「べたつき」「パサつき」が防げる<br>?【ダメージ補修】ダメージによる髪内部空洞化を毛髪補修成分<br>※1で補修。さらに、ヒートアクティブ成分<br>※2がヘアアイロンの熱を利用して髪に吸着しキューティクルを補修します。<br>?【スタイルキープ】アイロン前に塗布してカタチづけるだけでスタイルキープ<br>※4　朝のスタイルがつづきます。<br>※4　シア脂　(保湿成分)<br>?【しっとりストレート質感】疑似キューティクル
価格：,1643
商品コード：,trafstore_16046805342
JANコード：,
商品URL,https://store.shopping.yahoo.co.jp/trafstore/16046805342.html
"
"
商品名：,SALONIA サロニア スタイリングオイル (ウェット) 100mL ナチュラルハーブの香り
説明：,SALONIA サロニア スタイリングオイル (ウェット) 100mL ナチュラルハーブの香り<br><br>商品コード：16052179222<br>型番：SAL19027SO<br>サイズ：100ミリリットル (x 1)<br>カラー：オイル<br><br>?【アイロン前のプレケア】毛先のパサつきを抑え、束感のあるウェットスタイルがつづく<br>?【ヘアオイルタイプ】流行の「ツヤ感」「ウェット感」の質感<br>?【ダメージ補修】ダメージによる髪内部空洞化を毛髪補修成分で補修。<br>?【スタイルキープ】アイロン前に塗布してカタチづけるだけでスタイルキープ<br>※4　朝のスタイルがつづく。<br>※4　シア脂　(保湿成分)<br>?【束感のあるウエット質感】つけた時のウェット感がつづく3種のブレンドオイル(コメヌカ油、ホホバ種子油、アンズ核油<br>※5)を採用。毛先のパサつきを抑え、束感のあるウェットヘアがつづきます。<br>※5　
価格：,1643
商品コード：,trafstore_16052179222
JANコード：,
商品URL,https://store.shopping.yahoo.co.jp/trafstore/16052179222.html
"
"
商品名：,SALONIA サロニア スタイリングミルク (ストレート) 120mL ナチュラルハーブの香り
説明：,・ミルク 120ミリリットル SAL19027SM<br>・??アイロン前のプレケア熱を味方に、うねりや広がりを抑え、しっとりストレートスタイルがつづく<br>・??ヘアミルクタイプ髪に馴染ませやすく「つけムラ」「べたつき」「パサつき」が防げる<br>・??ダメージ補修ダメージによる髪内部空洞化を毛髪補修成分※1で補修。さらに、ヒートアクティブ成分※2がヘアアイロンの熱を利用して髪に吸着しキューティクルを補修します。<br>・??スタイルキープアイロン前に塗布してカタチづけるだけでスタイルキープ※4　朝のスタイルがつづきます。※4　シア脂　(保湿成分)<br>・??しっとりストレート質感疑似キューティクル成分※5で毛髪補修、バリア機能を保ちながら、うねりや広がりを抑え、しっとりなめらかな指通りに仕上げます。
価格：,1527
商品コード：,r-street_rst9dad1fcba4
JANコード：,4562465442185
商品URL,https://store.shopping.yahoo.co.jp/r-street/rst9dad1fcba4.html
"
"
商品名：,SALONIA サロニア スタイリングオイル (ウェット) 100mL ナチュラルハーブの香り
説明：,・オイル 100ミリリットル (x 1) SAL19027SO<br>・??アイロン前のプレケア毛先のパサつきを抑え、束感のあるウェットスタイルがつづく<br>・??ヘアオイルタイプ流行の「ツヤ感」「ウェット感」の質感<br>・??ダメージ補修ダメージによる髪内部空洞化を毛髪補修成分で補修。<br>・??スタイルキープアイロン前に塗布してカタチづけるだけでスタイルキープ※4　朝のスタイルがつづく。※4　シア脂　(保湿成分)<br>・??束感のあるウエット質感つけた時のウェット感がつづく3種のブレンドオイル(コメヌカ油、ホホバ種子油、アンズ核油※5)を採用。毛先のパサつきを抑え、束感のあるウェットヘアがつづきます。※5　保湿成分
価格：,1527
商品コード：,r-street_rst2252882782
JANコード：,4562465442178
商品URL,https://store.shopping.yahoo.co.jp/r-street/rst2252882782.html
"
"
商品名：,SALONIA サロニア | スマートモイスチャーセラム（BASIC）美容液 スキンケア プロ仕様 プレゼント メンズ レディース マイナスイオ
説明：,・スマートモイスチャーセラム（BASIC）  SAL20001DS<br>・・PatternName:[単品]スマートモイスチャーセラム<br>・「潤う」を追求した多機能美容液<br>・化粧水・乳液・クリーム・美容液・パックの1つで5役！<br>・キャップレスで直接ON!デバイスを持つ手を汚さない<br>・浸透・保湿に優れた美容液が心地よく肌を滑ります<br>・最後まで使い切れるエアレスボトル
価格：,1927
商品コード：,rina812shop_39794e0af8f
JANコード：,4562465443106
商品URL,https://store.shopping.yahoo.co.jp/rina812shop/39794e0af8f.html
"
"
商品名：,SALONIA 2WAY IRON SL-002A
説明：,SALONIA 2WAY IRON SL-002A　サロニア　ヘアアイロンです。
価格：,2000
商品コード：,aidreuse_2aid
JANコード：,
商品URL,https://store.shopping.yahoo.co.jp/aidreuse/2aid.html
"
"
商品名：,Salofix（サロフィックス） クールパッド S 冷シップ  K23-6
説明：,●サイズ／幅29×奥行12×厚さ2cm<br>●重さ／400g<br>●材質／表地：ポリエステル、パイピング：ポリエステル65％・コットン35％、裏地：ポリウレタン、内袋：ナイロン、ジェル：セルロース・ポリアクリル酸ナトリウム<br>●生産国／台湾<br><br>商品の説明<br><br>・ジェルのやわらかさと氷の保冷性を兼ね備えた冷却グッズです！
価格：,1584
商品コード：,tanosinia_485189
JANコード：,4965337020441
商品URL,https://store.shopping.yahoo.co.jp/tanosinia/485189.html
"
"
商品名：,[本/雑誌]/狼と香辛料 23 (電撃文庫)/支倉凍砂/〔著〕(文庫)
説明：,年代記に語り継がれるほどの活躍で、借金に悩むサロニアを救った賢狼ホロと元行商人のロレンス。その御礼の代わりにと、二人に贈られたのは、誰もがうらやむ貴族特権だった。身に余る報酬に浮かれているロレンスを尻目に、どこかきな臭さを覚えるホロとエルサ...。そして、特権で譲り受ける土地を調べに行くと、そこは大蛇の伝説が残る、いわくつきの土地で!?さらに、いざ、夏の山へ!ロレンス一家のピクニックを描いた『狼と実りの夏』に加え、新たな友人と旧友との別れを描く書き下ろし短編『狼と夜明けの色』も収録。賢狼と元行商人の幸せであり続ける物語、第6弾!
価格：,748
商品コード：,neowing_neobk-2650670
JANコード：,9784049139426
商品URL,https://store.shopping.yahoo.co.jp/neowing/neobk-2650670.html
"
"
商品名：,[本/雑誌]/狼と香辛料 24 Spring Log 7 (電撃文庫)/支倉凍砂/〔著〕(文庫)
説明：,世界を変える大冒険へと向かった娘のミューリを追って、旅を続ける賢狼ホロと元行商人のロレンス。だが借金で悩むサロニアの窮地を救ったロレンスの活躍が、思わぬ余波を生む。「貴重な森が失われる」と、森林監督官から詰め寄られてしまうのだった。トーネブルクの未来を思い森を切り開く決断をした領主と、先祖代々の森を守りたい領民。その両者を気遣うホロを悲しませないためにも、ロレンスは皆が納得する妙案を練ることになる。しかしそんな中、木材取引の相手、港町カーランの背後にはある女商人の影があって...。長編書き下ろしで贈る、賢狼と元行商人の幸せであり続ける物語、第7弾!
価格：,748
商品コード：,neowing_neobk-2813397
JANコード：,9784049148190
商品URL,https://store.shopping.yahoo.co.jp/neowing/neobk-2813397.html
"
"
商品名：,狼と香辛料　　２３　Ｓｐｒｉｎｇ　Ｌｏｇ / 支倉凍砂
説明：,サロニアを救ったホロとロレンスに舞い込んできたのは、誰もがうらやむ貴族特権の申し出だった。夢見がちなロレンスを尻目に、なにかきな臭さを覚えるホロ……。そして、事態は思わぬ方向に転がり始めて!?　年代記に語り継がれるほどの活躍で、借金に悩むサロニアを救った賢狼ホロと元行商人のロレンス。その御礼の代わりにと、二人に贈られたのは、誰もがうらやむ貴族特権だった。&lt;br&gt;　身に余る報酬に浮かれているロレンスを尻目に、どこかきな臭さを覚えるホロとエルサ……。そして、特権で譲り受ける土地を調べに行くと、そこは大蛇の伝説が残る、いわくつきの土地で!?&lt;br&gt;　さらに、いざ、夏の山へ！　ロレンス一家のピクニックを描いた『狼と実りの夏』に加え、新たな友人と旧友の別れを描く書き下ろし短編『狼と夜明けの色』も収録。&lt;br&gt;　賢狼と元行商人の幸せであり続ける物語、第６弾！&lt;br&gt;支倉凍砂<br>角川書店<br>2021年09月<br>オオカミトコウシンリヨウ<br>ハセクラ，イスナ<br>/
価格：,748
商品コード：,books-ogaki_9784049139426
JANコード：,9784049139426
商品URL,https://store.shopping.yahoo.co.jp/books-ogaki/9784049139426.html
"
"
商品名：,イージースタイラー エアウェービー ３個入 巻きつけ簡単ワンタッチテープ  携帯 ヘアケア
説明：,つけて寝るだけ波ウェーブ！<br>寝ている間にヘアアレンジ前のウェーブづくり！<br>痛くなりにくいふわふわエアクッション<br>巻きつけ簡単ワンタッチテープ<br><br>個装サイズ：100X205X45mm<br>個装重量：約120ｇ<br>内容量：3個入<br>製造国：日本<br><br>【納期】1〜3営業日以内出荷（土日祝を除く）<br><br><br><br>検索キーワード：ヘアアイロン コテ 耐熱ホルダー テスコム 充電式 美容家電 <br>海外 ストレート 業務用 2way ケース ワンダム サロニア 電気バリカ 人気<br>おしゃれ ミニ 巻き方 コードレス マイナスイオン セラミックプレート <br>ヘアドライヤー 頭皮エステ マッサージャー カールドライヤー ホットカーラー<br>頭皮ケア スタイリング ヘアケア 髪
価格：,1315
商品コード：,tanakatsuhan_hair04
JANコード：,4969133258053
商品URL,https://store.shopping.yahoo.co.jp/tanakatsuhan/hair04.html
"
"
商品名：,狼と香辛料 24 Spring Log 7 電撃文庫 / 支倉凍砂/文倉十 ハセクライスナ/アヤクラジュウ  〔文庫〕
説明：,発売日:2023年01月 / ジャンル:文芸 / フォーマット:文庫 / 出版社:Kadokawa / 発売国:日本 / ISBN:9784049148190 / アーティストキーワード:支倉凍砂 はせくらいすな<br><br>内容詳細:世界を変える大冒険へと向かった娘のミューリを追って、旅を続ける賢狼ホロと元行商人のロレンス。だが借金で悩むサロニアの窮地を救ったロレンスの活躍が、思わぬ余波を生む。「貴重な森が失われる」と、森林監督官から詰め寄られてしまうのだった。トーネブルクの未来を思い森を切り開く決断をした領主と、先祖代々の森を守りたい領民。その両者を気遣うホロを悲しませないためにも、ロレンスは皆が納得する妙案を練ることになる。しかしそんな中、木材取引の相手、港町カーランの背後にはある女商人の影があって…。長編書き・・・
価格：,748
商品コード：,hmv_13473577
JANコード：,9784049148190
商品URL,https://store.shopping.yahoo.co.jp/hmv/13473577.html
"
"
商品名：,イージースタイラー エアウェービー 3個入  変身カーラー 巻き髪 携帯 旅行 ヘアケア 美容家電
説明：,つけて寝るだけ波ウェーブ！<br>寝ている間にヘアアレンジ前のウェーブづくり！<br>痛くなりにくいふわふわエアクッション<br>巻きつけ簡単ワンタッチテープ<br><br>個装サイズ：100X205X45mm<br>個装重量：約120ｇ<br>内容量：3個入<br>製造国：日本<br><br>【素材】塩化ビニル樹脂<br><br>【ご使用方法】<br>（1）頭頂部の髪をとり、本品の最上部が髪の下にくるようにひっかけます。<br>（2）毛束を切りこみから左右に順に通していきます。<br>（3）最下段(髪が短い方は毛先)まで通したらセット完了です。<br>（4）起きたら本品をはずすだけ。波ウェーブの完成です。<br>後はお好みのヘアアレンジを。<br><br><br><br><br>検索キーワード：ヘアアイロン コテ テスコム 充電式 海外対応 ストレート カール<br>2way 業務用 ヘアケース ワンダム サロニア 電気バリカ 人気 おしゃれ 美容家電<br>ミニ コードレス マイナスイオン セラミックプレート ヘアドライヤー 頭皮エステ<br>収納 マッサージャー カールドライヤー ホットカーラー スタイリング 頭皮ケア<br>ヘアケア 巻き髪 プロ仕様 携帯 旅行用 ソバージュ ワッフル
価格：,1508
商品コード：,tanakatsuhan_hair23
JANコード：,
商品URL,https://store.shopping.yahoo.co.jp/tanakatsuhan/hair23.html
"
"
商品名：,狼と香辛料　２４ / 支倉凍砂
説明：,一人娘のミューリを追って、旅を続ける賢狼ホロとロレンス。だがサロニアの街での活躍が思わぬ余波を生み、ロレンスのせいで貴重な森が失われると詰め寄られる。そんな中、木材取引の背後には女商人の影があって……　世界を変える大冒険へと向かった娘のミューリを追って、旅を続ける賢狼ホロと元行商人のロレンス。&lt;br&gt;　だが借金で悩むサロニアの窮地を救ったロレンスの活躍が、思わぬ余波を生む。&lt;br&gt;「貴重な森が失われる」と、森林監督官から詰め寄られてしまうのだった。&lt;br&gt;　トーネブルクの未来を思い森を切り開く決断をした領主と、先祖代々の森を守りたい領民。その両者を気遣うホロを悲しませないためにも、ロレンスは皆が納得する妙案を練ることになる。&lt;br&gt;　しかしそんな中、木材取引の相手、港町カーランの背後にはある女商人の影があって……。&lt;br&gt;　長編書き下ろしで贈る、賢狼と元行商人の幸せであり続ける物語、第７弾！&lt;br&gt;支倉凍砂<br>角川書店<br>2023年01月<br>オオカミトコウシンリヨウ<br>ハセクラ，イスナ<br>/
価格：,748
商品コード：,books-ogaki_9784049148190
JANコード：,9784049148190
商品URL,https://store.shopping.yahoo.co.jp/books-ogaki/9784049148190.html
"
"
商品名：,SALONIA サロニア スタイリングミルク (ストレート) 120mL ナチュラルハーブの香り
説明：,??【アイロン前のプレケア】熱を味方に、うねりや広がりを抑え、しっとりストレートスタイルがつづく<br>??【ヘアミルクタイプ】髪に馴染ませやすく「つけムラ」「べたつき」「パサつき」が防げる<br>??【ダメージ補修】ダメージによる髪内部空洞化を毛髪補修成分※1で補修。さらに、ヒートアクティブ成分※2がヘアアイロンの熱を利用して髪に吸着しキューティクルを補修します。<br>??【スタイルキープ】アイロン前に塗布してカタチづけるだけでスタイルキープ※4　朝のスタイルがつづきます。※4　シア脂　(保湿成分)<br>??【しっとりストレート質感】疑似キューティクル成分※5で毛髪補修、バリア機能を保ちながら、うねりや広がりを抑え、しっとりなめらかな指通りに仕上げます。
価格：,1536
商品コード：,wisterialal_2022yr12mt18daywq069ic084mc3tc2
JANコード：,4562465442185
商品URL,https://store.shopping.yahoo.co.jp/wisterialal/2022yr12mt18daywq069ic084mc3tc2.html
"
"
商品名：,SALONIA サロニア スタイリングオイル (ウェット) 100mL ナチュラルハーブの香り
説明：,??【アイロン前のプレケア】毛先のパサつきを抑え、束感のあるウェットスタイルがつづく<br>??【ヘアオイルタイプ】流行の「ツヤ感」「ウェット感」の質感<br>??【ダメージ補修】ダメージによる髪内部空洞化を毛髪補修成分で補修。<br>??【スタイルキープ】アイロン前に塗布してカタチづけるだけでスタイルキープ※4　朝のスタイルがつづく。※4　シア脂　(保湿成分)<br>??【束感のあるウエット質感】つけた時のウェット感がつづく3種のブレンドオイル(コメヌカ油、ホホバ種子油、アンズ核油※5)を採用。毛先のパサつきを抑え、束感のあるウェットヘアがつづきます。※5　保湿成分
価格：,1536
商品コード：,wisterialal_2022yr12mt18daywq069ic084mbz2tt
JANコード：,4562465442178
商品URL,https://store.shopping.yahoo.co.jp/wisterialal/2022yr12mt18daywq069ic084mbz2tt.html
"
"
商品名：,SALONIA サロニア スタイリングオイル (ウェット) 100mL ナチュラルハーブの香り
説明：,??【アイロン前のプレケア】毛先のパサつきを抑え、束感のあるウェットスタイルがつづく<br>??【ヘアオイルタイプ】流行の「ツヤ感」「ウェット感」の質感<br>??【ダメージ補修】ダメージによる髪内部空洞化を毛髪補修成分で補修。<br>??【スタイルキープ】アイロン前に塗布してカタチづけるだけでスタイルキープ※4　朝のスタイルがつづく。※4　シア脂　(保湿成分)<br>??【束感のあるウエット質感】つけた時のウェット感がつづく3種のブレンドオイル(コメヌカ油、ホホバ種子油、アンズ核油※5)を採用。毛先のパサつきを抑え、束感のあるウェットヘアがつづきます。※5　保湿成分
価格：,1486
商品コード：,philosophyphy_2022yr12mt18daywq069ic084mbz2tt
JANコード：,4562465442178
商品URL,https://store.shopping.yahoo.co.jp/philosophyphy/2022yr12mt18daywq069ic084mbz2tt.html
"
"
商品名：,ミニヘアアイロン 海外対応 ミニスプリント 2in1 連続 ストレート カール ヘアーアイロン セラミックフォークカーラー 携帯 ヘアスタイリングツール おしゃれ tm
説明：,ミニヘアアイロン 海外対応!<br>忙しい朝も、自撮りしたい時も、気になる部分をさっと整えてヘアスタイルはこれで完璧！<br>薄くて軽い！持ち運びやすいミニヘアアイロン。<br><br>【カラー】ホワイト、ブラック、ピンク、パープル<br>【サイズ】170mmX20mm<br>【ストレートナータイプ】セラミック<br>【電圧】110V/220V<br><br><br><br><br><br><br><br><br><br><br><br><br>[分類：スチーム ヘアドライヤー コテ テスコム<br>2way ワンダム サロニア 電気バリカ USB充電式<br>コードレス セラミックプレート 頭皮エステ<br>人気 マッサージャー カール ドライヤー ヘアケア<br>ホットカーラー プロ仕様 巻き髪 折りたたみ 収納<br>ポイント ソバージュ ワッフルくるくるドライヤー <br>業務 事務 オフィス 店舗 子ども テレーワーク ギフト<br>静電気防止 スタイリング おまけ付 パワフル 乾燥<br>3段階 時短 恒温 髪質改善 静音 携帯便利 ダメージ<br>オシャレ 持ち運び 家庭 旅行 男性 女性 <br>スタイリッシュ ダメージ マイナスイオン プレゼント<br>冷熱風 低騒音 速乾  艶髪 温風 冷風 コードレス かわいい<br>ウェーブヘア 軽量 ボリュームアップ360度回転 レディース<br>セラミックコーティング 男女兼用 スタイリング メンズ <br>フローティングプレート クリップオン ヘアストレートナー]
価格：,1580
商品コード：,lifemaru_dc39271
JANコード：,
商品URL,https://store.shopping.yahoo.co.jp/lifemaru/dc39271.html
"
"
商品名：,4方向電動 トリマー 電動バリカン 散髪 セルフカット 充電式 6種アタッチメント トリマー ヘアカッター レディース メンズ おしゃれ rzjp ヘアケア 美容家電
説明：,充電式家庭用ヘアトリマー。<br>4方向に向きが変えられるヘッドで<br>あらゆる角度からカットが可能。<br>髪の毛、もみ上げ、ヒゲのお手入れに。<br>・カット長さ調整可能<br>ガイドコーム付きで、3・10・13・19mm、左・右もみあげ櫛を<br><br>本体サイズ：約幅45×高さ150×奥行110mm<br>重量：約180g<br>定格電圧:100-240V<br>使用電池:ニカド電池<br>充電時間:10時間<br>電源コード長さ:約1.9m<br>付属品:アタッチメント(6種類)、電源コード、くし、ケープ、お手入れセット(ブラシ、メンテナンスオイル)<br>※カラーはお選び頂けません。<br><br><br><br><br><br><br><br><br><br><br><br><br><br><br>[分類：スチーム ヘアドライヤー ヘアアイロン<br>2way ワンダム サロニア 電気バリカ コテ テスコム<br>ミニ コードレス セラミックプレート 頭皮エステ<br>人気 マッサージャー ストレート カール ドライヤー<br>ホットカーラー プロ仕様 巻き髪 折りたたみ 収納<br>ポイント ソバージュ ワッフルくるくるドライヤー <br>業務 事務 オフィス 店舗 子ども テレーワーク ギフト<br>静電気防止 スタイリング おまけ付 パワフル 乾燥<br>おすすめ 3段階 静音 携帯便利 冷熱風 低騒音 速乾<br>オシャレ 家庭 旅行 男性 女性 ダメージ 自宅 軽量<br>スタイリッシュ マイナスイオン 大風量 小型 温風 冷風]
価格：,1980
商品コード：,lifemaru_e003-ix
JANコード：,
商品URL,https://store.shopping.yahoo.co.jp/lifemaru/e003-ix.html
"
"
商品名：,狼と香辛料　　２３　Ｓｐｒｉｎｇ　Ｌｏｇ / 支倉　凍砂
説明：,サロニアを救ったホロとロレンスに舞い込んできたのは、誰もがうらやむ貴族特権の申し出だった。夢見がちなロレンスを尻目に、なにかきな臭さを覚えるホロ……。そして、事態は思わぬ方向に転がり始めて!?　年代記に語り継がれるほどの活躍で、借金に悩むサロニアを救った賢狼ホロと元行商人のロレンス。その御礼の代わりにと、二人に贈られたのは、誰もがうらやむ貴族特権だった。&lt;br&gt;　身に余る報酬に浮かれているロレンスを尻目に、どこかきな臭さを覚えるホロとエルサ……。そして、特権で譲り受ける土地を調べに行くと、そこは大蛇の伝説が残る、いわくつきの土地で!?&lt;br&gt;　さらに、いざ、夏の山へ！　ロレンス一家のピクニックを描いた『狼と実りの夏』に加え、新たな友人と旧友の別れを描く書き下ろし短編『狼と夜明けの色』も収録。&lt;br&gt;　賢狼と元行商人の幸せであり続ける物語、第６弾！&lt;br&gt;支倉　凍砂<br>角川書店<br>2021年09月<br>オオカミ　ト　コウシンリヨウ　２３　スプリング　ログ　６<br>ハセクラ　イスナ<br>/
価格：,748
商品コード：,mangaplus-ogaki_9784049139426
JANコード：,9784049139426
商品URL,https://store.shopping.yahoo.co.jp/mangaplus-ogaki/9784049139426.html
"
"
商品名：,電動バリカン ヘアカッター 刈り高さ5段階 簡単 スライド調整 USB充電式 バリカン feely レディース メンズ おしゃれ rzjp ヘアケア 美容家電
説明：,細部までカットできるミニサイズのヘアカッター。<br>軽くて持ちやすく手にフィットするスリムデザイン。<br>自由にスタイリングできるヘアカッター<br>スライドして長さかんたん調節<br>長さ調節5段階（3〜7mm）<br>刃は水洗い可能<br>USB充電式コードレス<br><br>サイズ：約W3.5×D3.5×H15.5cm<br>重量：約110g<br>電源方式：充電式<br>充電/稼働時間：12時間充電(満充電)で約30分稼働<br>付属品：USBコード、アタッチメント、掃除ブラシ、オイル<br><br><br><br><br><br><br><br><br><br><br><br><br><br>[分類：スチーム ヘアドライヤー コテ テスコム<br> 2way ワンダム サロニア 電気バリカ USB充電式<br>ミニ コードレス セラミックプレート 頭皮エステ<br>人気 マッサージャー ストレート カール ドライヤー<br>ホットカーラー プロ仕様 巻き髪 折りたたみ 収納<br>ポイント ソバージュ ワッフルくるくるドライヤー <br>業務 事務 オフィス 店舗 子ども テレーワーク ギフト<br>静電気防止 スタイリング おまけ付 パワフル 乾燥<br>おすすめ 3段階 時短 恒温 髪質改善 静音 携帯便利<br>オシャレ 持ち運び 家庭 旅行 男性 女性 ダメージ<br>スタイリッシュ ダメージ マイナスイオン 大風量<br>冷熱風 低騒音 速乾  艶髪 温風 冷風 コードレス<br>ミニ ウェーブヘア 軽量 小型 3WAY   ヘアアイロン コンパクト ]
価格：,1900
商品コード：,lifemaru_haircutfeely
JANコード：,
商品URL,https://store.shopping.yahoo.co.jp/lifemaru/haircutfeely.html
"
"
商品名：,狼と香辛料　２４ / 支倉凍砂
説明：,一人娘のミューリを追って、旅を続ける賢狼ホロとロレンス。だがサロニアの街での活躍が思わぬ余波を生み、ロレンスのせいで貴重な森が失われると詰め寄られる。そんな中、木材取引の背後には女商人の影があって……　世界を変える大冒険へと向かった娘のミューリを追って、旅を続ける賢狼ホロと元行商人のロレンス。&lt;br&gt;　だが借金で悩むサロニアの窮地を救ったロレンスの活躍が、思わぬ余波を生む。&lt;br&gt;「貴重な森が失われる」と、森林監督官から詰め寄られてしまうのだった。&lt;br&gt;　トーネブルクの未来を思い森を切り開く決断をした領主と、先祖代々の森を守りたい領民。その両者を気遣うホロを悲しませないためにも、ロレンスは皆が納得する妙案を練ることになる。&lt;br&gt;　しかしそんな中、木材取引の相手、港町カーランの背後にはある女商人の影があって……。&lt;br&gt;　長編書き下ろしで贈る、賢狼と元行商人の幸せであり続ける物語、第７弾！&lt;br&gt;支倉凍砂<br>角川書店<br>2023年01月<br>オオカミ　ト　コウシンリヨウ　２４<br>ハセクラ　イスナ<br>/
価格：,748
商品コード：,mangaplus-ogaki_9784049148190
JANコード：,9784049148190
商品URL,https://store.shopping.yahoo.co.jp/mangaplus-ogaki/9784049148190.html
"
"
商品名：,一台で３役 (バリカン/トリマー /ラインバリカン) 4段階アタッチメント付 充電式 コードレス 電気バリカン ヘアクリッパー ヘアカッター メンズ おしゃれ rzjp
説明：,充電式ヘアクリッパー スチール刃採用 4段階アタッチメント<br>手軽に使える軽量＆コードレスタイプ。<br>髪・ひげ両用の充電式バリカンです。<br>● 一台で３役！<br>１． バリカン<br>２． トリマー<br>３． ラインバリカン<br>● 4段階アタッチメント長さ調節<br>3、6、9、12mmのアタッチメントでお好みの長さに調節可能。<br>● 充電式でコードレス<br>● 充電インジケーターランプ搭載<br>● 髪・ひげ両用ヘアクリッパー<br><br>サイズ:約170×45×40mm<br>重量:約137g<br>電源 :充電式 AC電源（PSE認証）<br>セット内容:本体、アタッチメント×2個（4段階）、 オイル、お掃除ブラシ、充電コード<br><br><br><br><br><br><br><br><br><br><br><br>[分類：スチーム ヘアドライヤー ヘアアイロン<br>2way ワンダム サロニア ヘアケア コテ テスコム<br>ミニ コードレス セラミックプレート 頭皮エステ<br>人気 マッサージャー ストレート カール ドライヤー<br>ホットカーラー プロ仕様 巻き髪 折りたたみ 収納<br>ポイント ソバージュ ワッフルくるくるドライヤー <br>業務 事務 オフィス 店舗 子ども テレーワーク ギフト<br>スタイリング 乾燥 トリマー 散髪 セルフカット<br>おすすめ 3段階 静音 熱風 低騒音マイナスイオン<br>オシャレ 家庭 旅行 男性 女性 自宅 軽量 小型 温風 冷風]
価格：,1970
商品コード：,lifemaru_e005
JANコード：,
商品URL,https://store.shopping.yahoo.co.jp/lifemaru/e005.html
"
"
商品名：,SALONIA サロニア スタイリングオイル (ウェット) 100mL ナチュラルハーブの香り
説明：,・オイル 100ミリリットル (x 1) SAL19027SO<br>・??【アイロン前のプレケア】毛先のパサつきを抑え、束感のあるウェットスタイルがつづく<br>・??【ヘアオイルタイプ】流行の「ツヤ感」「ウェット感」の質感<br>・??【ダメージ補修】ダメージによる髪内部空洞化を毛髪補修成分で補修。<br>・??【スタイルキープ】アイロン前に塗布してカタチづけるだけでスタイルキープ※4　朝のスタイルがつづく。※4　シア脂　(保湿成分)<br>・??【束感のあるウエット質感】つけた時のウェット感がつづく3種のブレンドオイル(コメヌカ油、ホホバ種子油、アンズ核油※5)を採用。毛先のパサつきを抑え、束感のあるウェットヘアがつづきます。※5　保湿成分
価格：,1446
商品コード：,ririnana_1ff48f9cca3
JANコード：,4562465442178
商品URL,https://store.shopping.yahoo.co.jp/ririnana/1ff48f9cca3.html
"
"
商品名：,【国内正規品】サロニア エクストラクリーミーフォーム 120g
説明：,サロニア エクストラクリーミーフォーム 120g<br>必ずお読み下さい <br>商品情報 <br>1炭酸ミクロ泡で毛穴の汚れや古い角質をすっきり洗い流す<br>手では作る事が出来ない、<br>きめ細かい豊かな泡が優しく毛穴の奥にも入りこみます。<br>つぶれにくい炭酸泡クッションが、しっかりとブラシの振動を受け止めます。<br>2肌に密着しブラシの効果を最大限に引き出す持続泡? フワフワなのにつぶれにくい持続泡<br> 炭酸(※1) を含んだ泡で気持ち良く、泡持ち良く洗顔できます。<br>※1 炭酸ガス(噴射剤)<br>3泡立て必要なしのラクチン洗顔<br> 顔や手やブラシを水で濡らす必要なし 泡立て時間必要なし 泡立てテクニック必要なし 泡ダレしにくい泡なので洗顔中の泡が垂れにくい 下を向かずに鏡を見ながら洗顔出来る お肌密着泡なのに、、、顔に付いた泡+ブラシの泡はサッと洗い流す事が可能です。<br>4お肌のための処方設計(アミノ酸系洗浄成分+モイスト成分)
価格：,2000
商品コード：,endless_4582521681976
JANコード：,4582521681976
商品URL,https://store.shopping.yahoo.co.jp/endless/4582521681976.html
"
"
商品名：,SALONIA サロニア スタイリングオイル (ウェット) 100mL ナチュラルハーブの香り
説明：,・オイル 100ミリリットル (x 1) SAL19027SO<br>・??【アイロン前のプレケア】毛先のパサつきを抑え、束感のあるウェットスタイルがつづく<br>・??【ヘアオイルタイプ】流行の「ツヤ感」「ウェット感」の質感<br>・??【ダメージ補修】ダメージによる髪内部空洞化を毛髪補修成分で補修。<br>・??【スタイルキープ】アイロン前に塗布してカタチづけるだけでスタイルキープ※4　朝のスタイルがつづく。※4　シア脂　(保湿成分)<br>・??【束感のあるウエット質感】つけた時のウェット感がつづく3種のブレンドオイル(コメヌカ油、ホホバ種子油、アンズ核油※5)を採用。毛先のパサつきを抑え、束感のあるウェットヘアがつづきます。※5　保湿成分
価格：,1457
商品コード：,rina812shop_34583d4de83
JANコード：,4562465442178
商品URL,https://store.shopping.yahoo.co.jp/rina812shop/34583d4de83.html
"
"
商品名：,【国内正規品】サロニア エクストラクリーミーフォーム 120g
説明：,サロニア エクストラクリーミーフォーム 120g<br>必ずお読み下さい <br>商品情報 <br>1炭酸ミクロ泡で毛穴の汚れや古い角質をすっきり洗い流す<br>手では作る事が出来ない、<br>きめ細かい豊かな泡が優しく毛穴の奥にも入りこみます。<br>つぶれにくい炭酸泡クッションが、しっかりとブラシの振動を受け止めます。<br>2肌に密着しブラシの効果を最大限に引き出す持続泡? フワフワなのにつぶれにくい持続泡<br> 炭酸(※1) を含んだ泡で気持ち良く、泡持ち良く洗顔できます。<br>※1 炭酸ガス(噴射剤)<br>3泡立て必要なしのラクチン洗顔<br> 顔や手やブラシを水で濡らす必要なし 泡立て時間必要なし 泡立てテクニック必要なし 泡ダレしにくい泡なので洗顔中の泡が垂れにくい 下を向かずに鏡を見ながら洗顔出来る お肌密着泡なのに、、、顔に付いた泡+ブラシの泡はサッと洗い流す事が可能です。<br>4お肌のための処方設計(アミノ酸系洗浄成分+モイスト成分)
価格：,2000
商品コード：,aikichimeihinkan_4582521681976
JANコード：,4582521681976
商品URL,https://store.shopping.yahoo.co.jp/aikichimeihinkan/4582521681976.html
"
"
商品名：,SALONIA サロニア スタイリングミルク (ストレート) 120mL ナチュラルハーブの香り
説明：,・ミルク 120ミリリットル SAL19027SM<br>・??【アイロン前のプレケア】熱を味方に、うねりや広がりを抑え、しっとりストレートスタイルがつづく<br>・??【ヘアミルクタイプ】髪に馴染ませやすく「つけムラ」「べたつき」「パサつき」が防げる<br>・??【ダメージ補修】ダメージによる髪内部空洞化を毛髪補修成分※1で補修。さらに、ヒートアクティブ成分※2がヘアアイロンの熱を利用して髪に吸着しキューティクルを補修します。<br>・??【スタイルキープ】アイロン前に塗布してカタチづけるだけでスタイルキープ※4　朝のスタイルがつづきます。※4　シア脂　(保湿成分)<br>・??【しっとりストレート質感】疑似キューティクル成分※5で毛髪補修、バリア機能を保ちながら、うねりや広がりを抑え、しっとりなめらかな指通りに仕上げます。
価格：,1457
商品コード：,rina812shop_3963827b8fc
JANコード：,4562465442185
商品URL,https://store.shopping.yahoo.co.jp/rina812shop/3963827b8fc.html
"
"
商品名：,SALONIA サロニア スタイリングオイル (ウェット) 100mL ナチュラルハーブの香り
説明：,・オイル 100ミリリットル (x 1) SAL19027SO<br>・??【アイロン前のプレケア】毛先のパサつきを抑え、束感のあるウェットスタイルがつづく<br>・??【ヘアオイルタイプ】流行の「ツヤ感」「ウェット感」の質感<br>・??【ダメージ補修】ダメージによる髪内部空洞化を毛髪補修成分で補修。<br>・??【スタイルキープ】アイロン前に塗布してカタチづけるだけでスタイルキープ※4　朝のスタイルがつづく。※4　シア脂　(保湿成分)<br>・??【束感のあるウエット質感】つけた時のウェット感がつづく3種のブレンドオイル(コメヌカ油、ホホバ種子油、アンズ核油※5)を採用。毛先のパサつきを抑え、束感のあるウェットヘアがつづきます。※5　保湿成分
価格：,1493
商品コード：,machikado-shop_mmmeaf8e58ad6
JANコード：,4562465442178
商品URL,https://store.shopping.yahoo.co.jp/machikado-shop/mmmeaf8e58ad6.html
"
"
商品名：,【YG】サロニア ストレートヘアアイロン SL-004VBG ヴィンテージベージュ 24mm MAX230℃ SALONIA 新品 送料無料
説明：,
価格：,1300
商品コード：,aruyan55_e06t0612596a
JANコード：,4580383623431
商品URL,https://store.shopping.yahoo.co.jp/aruyan55/e06t0612596a.html
"
"
商品名：,【YG】サロニア セラミックカールアイロン SL-008HP ホロパール 25mm MAX210℃ SALONIA 新品 送料無料
説明：,
価格：,1300
商品コード：,aruyan55_f08t0612603a
JANコード：,4580383622625
商品URL,https://store.shopping.yahoo.co.jp/aruyan55/f08t0612603a.html
"
"
商品名：,【YG】サロニア ストレートヘアアイロン SL-004SNP ヌーディーピンク 24mm MAX230℃ SALONIA 新品 送料無料
説明：,
価格：,1300
商品コード：,aruyan55_d13t0612598a
JANコード：,4562465440440
商品URL,https://store.shopping.yahoo.co.jp/aruyan55/d13t0612598a.html
"
"
商品名：,【YG】サロニア ストレートヘアアイロン SL-004SNG  24mm ヌーディーグレー MAX230℃ SALONIA 新品 送料無料
説明：,
価格：,1300
商品コード：,aruyan55_h02t0612604a
JANコード：,4562465440457
商品URL,https://store.shopping.yahoo.co.jp/aruyan55/h02t0612604a.html
"
"
商品名：,【YG】サロニア セラミック カールアイロン SL-008HP 32mm ホロパール MAX210℃ SALONIA 新品 送料無料
説明：,
価格：,1300
商品コード：,aruyan55_f08t0612607a
JANコード：,4580383622632
商品URL,https://store.shopping.yahoo.co.jp/aruyan55/f08t0612607a.html
"
"
商品名：,SALONIA サロニア トリートメントミストドライヤーセラム（ダメージケア）ホワイトハーバルの香り
説明：,「商品情報」「主な仕様」 【べたつかない】使いやすいサラサラのローションタイプ<br> 【easy &amp; speedy ケア】速乾サポート成分を配合?<br> 【カラーケア】健康的な髪の状態へ導く事により毛髪内部のカラー剤の流出を防ぎます。<br> 【スカルプケア】カルプケア成分（保湿成分）配合　グリチルリチン酸２K、マグワ根皮エキス、チャ葉エキス、ルイボスエキス<br> 【香り】ホワイトハーバルの香り（香料使用）
価格：,1680
商品コード：,hapimonapj_3517-000977
JANコード：,4582521681747
商品URL,https://store.shopping.yahoo.co.jp/hapimonapj/3517-000977.html
"
"
商品名：,SALONIA サロニア トリートメントミストドライヤーセラム（ダメージケア）美容ミスト ミストドライヤー28ml 2個
説明：,初期不良を含め保証につきましてはメーカーにご確認ください。<br>流通過程で外箱に傷等があることがあります。<br>外装の傷みを理由とした返品返金交換は承りかねます。<br><br>SALONIA サロニア トリートメントミストドライヤーセラム（ダメージケア）美容ミスト ミストドライヤー人気 頭皮ケア カラーケア スカルプケア ツヤ髪 ダメージ補修 ウォーターベース 速乾 ホワイトハーバルの香り28ml 2個<br><br>
価格：,1000
商品コード：,takedashoten_4582521681747
JANコード：,4582521681747
商品URL,https://store.shopping.yahoo.co.jp/takedashoten/4582521681747.html
"
"
商品名：,ミニ セラミック カールヘアアイロン SL-011CW ホワイト SALONIA(サロニア) 25mm 海外対応 MAX210℃USED品
説明：,※当商品は中古商品です。<br>　簡易的なクリーニングを行っておりますが、表示以外の軽微な汚れや傷みがある場合がございます。<br>　在庫複数の場合、同等の商品からご発送致します。<br><br>[動作確認] 済<br><br>[商品状態]<br>(1)SALONIAのロゴ部分に黄色の汚れあり<br>(2)クリップノブに塗装剥げあり<br>(3)外箱に破れ、汚れあり<br><br>[製品仕様] <br>メーカー：SALONIA(サロニア)<br>型番：SL-011CW<br>本体サイズ：255×48×60cmm<br>内容物：本体、取扱説明書、外箱<br>※耐熱ポーチが欠品しております。<br><br>既存の高機能をそのままコンパクトサイズにサイズと重さがぐんと減ったのに、既存の高機能はそのままで普段使いにもぴったりです。<br><br>----<br>※商品画像に写っているものが全てとなります。<br>※弊社では保証を行っておりません。メーカー保証などにつきましては、メーカー様に直接お問い合わせください。<br>※保証書付属の場合においても、実際の保証可否について弊社では判断致しかねます。あらかじめご了承ください。<br>※プロダクトキー付属商品の場合、使用可否は確認しておりません。キーに使用ができないことが理由でのご返金にはご対応致しかねます。
価格：,1870
商品コード：,asian-funny-shop_nh0203074
JANコード：,4580383621383
商品URL,https://store.shopping.yahoo.co.jp/asian-funny-shop/nh0203074.html
"
"
商品名：,サロニア ミニストレートヘアアイロン SL010-BG ブランニューグリーン 専用耐熱ポーチ付 SALONIA 新品 送料無料
説明：,
価格：,1300
商品コード：,aruyan55_f06t0612601a
JANコード：,4580383622984
商品URL,https://store.shopping.yahoo.co.jp/aruyan55/f06t0612601a.html
"
"
商品名：,【動作確認済】【中古】サロニア セラミックカールアイロン 25mmバレル ホワイト SL008SW25
説明：,家電　サロニア セラミックカールアイロン 25mmバレル ホワイト SL008SW25 <br>型番 SL008SW25<br><br><br><br>サイズ(cm) 箱サイズ約W9.7×H42.2×D6.2 <br>重さ(kg) 0.320 <br>仕様 25mm <br>付属品 取説 <br><br>商品状態 Aランク <br><br>ヤマト運輸様宅急便(北海道・東北・沖縄は日本郵便様）にて発送させていただきます。<br>発送は80サイズです。送料は次のとおりです。80サイズ　北海道1750円　東北900円　関東・信越750円　北陸東海700円　関西・中四国650円　九州700円　沖縄1600円   <br>同梱は別途お見積もりになります。<br>商品の発送は当日正午までに決済確認ができましたら当日発送し指定の地域には翌日のお届けをさせていただきます。<br>●代金引換：手数料(商品代金)330円（１万円未満）440円（〜3万円）660円（〜10万円）1100円（〜30万円）<br>●銀行振込(振込先は、楽天銀行とゆうちょ銀行です)<br>●クレジット決済<br>弊社の商品は1点物が多く在庫限りの出品です。<br>この機会を逃さずお急ぎ、お求めくださいませ。
価格：,1980
商品コード：,recyclekaden_1-240001068454
JANコード：,4580383621321
商品URL,https://store.shopping.yahoo.co.jp/recyclekaden/1-240001068454.html
"
"
商品名：,サロニア ストレートヘアアイロン SL004-BG ブランニューグリーン 24mm 専用耐熱ポーチ付 SALONIA 新品 送料無料
説明：,
価格：,1300
商品コード：,aruyan55_f08t0612600a
JANコード：,4580383622977
商品URL,https://store.shopping.yahoo.co.jp/aruyan55/f08t0612600a.html
"
"
商品名：,サロニア ミニ セラミックカール ヘアアイロン SL011-BO ブランニューオレンジ 25mm 専用耐熱ポーチ付 SALONIA 新品 送料無料
説明：,
価格：,1300
商品コード：,aruyan55_f08t0612605a
JANコード：,4580383622960
商品URL,https://store.shopping.yahoo.co.jp/aruyan55/f08t0612605a.html
"
"
商品名：,サロニア ミニ セラミックカール ヘアアイロン SL-011CDP パープル ラプンツェル 25mm SALONIA 新品 送料無料
説明：,
価格：,1300
商品コード：,aruyan55_d12t0612597a
JANコード：,4580383622496
商品URL,https://store.shopping.yahoo.co.jp/aruyan55/d12t0612597a.html
"
"
商品名：,アイエヌイー/I-ne サロニア スタイリングミルク 120ml
説明：,
価格：,1980
商品コード：,koshinohonpo_ine024
JANコード：,
商品URL,https://store.shopping.yahoo.co.jp/koshinohonpo/ine024.html
"
"
商品名：,【中古】SALONIA サロニア ストレートアイロン SL-004S 海外対応 24mm ブラック
説明：,家電　SALONIA サロニア ストレートアイロン SL-004S 海外対応 24mm ブラック <br>型番 SL-004S<br>色 ブラック  <br>素材  <br>製造番号  <br>サイズ(cm) 箱サイズ約W34.0×H5.5×D11.0 <br>重さ(kg) 0.345 <br>仕様 プレート最高温度：120℃〜230℃ <br>付属品 取説、専用ポーチ <br><br>商品状態 Aランク <br><br>ヤマト運輸様宅急便(北海道・東北・沖縄は日本郵便様）にて発送させていただきます。<br>60サイズ　北海道1500円　東北750円　関東・信越600円　北陸東海550円　関西・中四国550円　九州550円　沖縄1350円   <br>同梱は別途お見積もりになります。<br>商品の発送は当日正午までに決済確認ができましたら当日発送し指定の地域には翌日のお届けをさせていただきます。<br>●代金引換：手数料(商品代金)330円（１万円未満）440円（〜3万円）660円（〜10万円）1100円（〜30万円）<br>●銀行振込(振込先は、楽天銀行とゆうちょ銀行です)<br>●クレジット決済
価格：,1980
商品コード：,recyclekaden_1-240001058454
JANコード：,4580383620058
商品URL,https://store.shopping.yahoo.co.jp/recyclekaden/1-240001058454.html
"
"
商品名：,【動作確認済】【中古】サロニア ストレートヘアアイロン プレート24mm ブラック SL-004S
説明：,家電　サロニア ストレートヘアアイロン プレート24mm ブラック SL-004S <br>型番 SL-004S<br>色 ブラック  <br>素材  <br>製造番号  <br>サイズ(cm) 箱サイズ約W33.8×H6.0×D8.5 <br>重さ(kg) 0.380 <br>仕様 マイナスイオン <br>付属品  <br><br>商品状態 中古（美品：Aランク） <br><br>ヤマト運輸様宅急便(北海道・東北・沖縄は日本郵便様）にて発送させていただきます。<br>   <br>同梱は別途お見積もりになります。<br>商品の発送は当日正午までに決済確認ができましたら当日発送し指定の地域には翌日のお届けをさせていただきます。<br>●代金引換：手数料(商品代金)330円（１万円未満）440円（〜3万円）660円（〜10万円）1100円（〜30万円）<br>●銀行振込(振込先は、楽天銀行とゆうちょ銀行です)<br>●クレジット決済<br>弊社の商品は1点物が多く在庫限りの出品です。<br>この機会を逃さずお急ぎ、お求めくださいませ。
価格：,1980
商品コード：,recyclekaden_1-240001067843
JANコード：,4580383620058
商品URL,https://store.shopping.yahoo.co.jp/recyclekaden/1-240001067843.html
"
"
商品名：,サロニア ミニ セラミックカール ヘアアイロン SL-011BG ブランニューグリーン 25mm 専用耐熱ポーチ付 SALONIA 新品 送料無料
説明：,
価格：,1300
商品コード：,aruyan55_d16t0612606a
JANコード：,4580383622991
商品URL,https://store.shopping.yahoo.co.jp/aruyan55/d16t0612606a.html
"
"
商品名：,△SALONIA サロニア ストレートヒートブラシ スリム SL-012BKS 中古並品
説明：,スマホ、タブレットからご覧の方は、下記の【商品詳細を見る】から詳細情報を必ずご確認下さい。<br><br>商品名：SALONIA サロニア ストレートヒートブラシ スリム SL-012BKS<br><br>商品管理番号：ER4-03-128<br><br>状態：ブラシの根本が凄く汚れています。発熱すると少し臭いがします<br><br>※詳しくは画像をご覧下さいませ。<br>※こちらの商品は消毒済みです。<br><br>動作：下記の「商品説明」にて記載しておりますので、必ずご確認お願い致します。<br><br>付属品：下記の「商品説明」にて記載しておりますので、必ずご確認お願い致します。
価格：,1650
商品コード：,re-style5151_er4-03-128
JANコード：,
商品URL,https://store.shopping.yahoo.co.jp/re-style5151/er4-03-128.html
"
"
商品名：,SALONIA サロニア ヘアアイロン USED美品 2WAY 32mm 220℃ ストレート カール SL-002AW 通電確認済 KR V8674
説明：,USED品ですが、全体的に綺麗な一品です。<br><br>サロニアの2WAYヘアアイロンです。<br><br>ワンタッチでストレートアイロンとカールアイロンの切り替えが可能。<br>安心のオートパワーオフ機能付きです。<br><br>※汚れが少々あります。（一部を画像にてご確認ください。）<br>※箱に汚れ、キズがあります。（一部を画像にてご確認ください。）<br><br>■付属品<br>取扱説明書<br><br>■返品について<br>※初期不良(到着後30日間)などのクレームには誠意を持って対応いたします。<br>※あくまでもUSED品という事をご理解の上、ご購入下さい。
価格：,1760
商品コード：,wit-yshop_r000000013825
JANコード：,
商品URL,https://store.shopping.yahoo.co.jp/wit-yshop/r000000013825.html
"
"
商品名：,【SALONIA サロニア トリートメント ミストドライヤー 専用セラム（専用美容液) [単品]】 ネコポス対象商品 送料無料 ミストドライヤー 保湿
説明：,「商品情報」「主な仕様」 【べたつかない】使いやすいサラサラのローションタイプ<br> 【easy &amp; speedy ケア】速乾サポート成分を配合?<br> 【カラーケア】健康的な髪の状態へ導く事により毛髪内部のカラー剤の流出を防ぎます。<br> 【スカルプケア】カルプケア成分（保湿成分）配合　グリチルリチン酸２K、マグワ根皮エキス、チャ葉エキス、ルイボスエキス<br> 【香り】ホワイトハーバルの香り（香料使用）
価格：,1980
商品コード：,solitude_3618-001296
JANコード：,4582521681747
商品URL,https://store.shopping.yahoo.co.jp/solitude/3618-001296.html
"
"
商品名：,△SALONIA サロニア セラミックストレートアイロン SL-004SCP 中古美品
説明：,スマホ、タブレットからご覧の方は、下記の【商品詳細を見る】から詳細情報を必ずご確認下さい。<br><br>商品名： SALONIA サロニア セラミックストレートアイロン SL-004SCP  <br><br>商品管理番号：ER3-02-32<br><br>状態：目立った傷や汚れはなく、綺麗な状態でございます。<br>※詳しくは画像をご覧くださいませ。<br><br>※こちらの商品はアルコール消毒済みです。<br><br>動作：下記の「商品説明」にて記載しておりますので、必ずご確認お願い致します。<br><br>付属品：下記の「商品説明」にて記載しておりますので、必ずご確認お願い致します。
価格：,1698
商品コード：,re-style5151_er3-02-32
JANコード：,
商品URL,https://store.shopping.yahoo.co.jp/re-style5151/er3-02-32.html
"
"
商品名：,サロニア SALONIA エクストラクリーミーフォーム 120g イオンフェイシャルブラシ SAL21202SL専用フォーム SAL21202CF 泡洗顔 微細炭酸泡 美肌
説明：,【商品説明】<br>■炭酸ミクロ泡で毛穴の汚れや古い角質をすっきり洗い流す<br> <br>手では作る事が出来ない、きめ細かい豊かな泡が優しく毛穴の奥にも入りこみます<br>つぶれにくい炭酸泡クッションが、しっかりとブラシの振動を受け止めます<br> <br><br>■肌に密着しブラシの効果を最大限に引き出す持続泡<br> <br>フワフワなのにつぶれにくい持続泡<br>炭酸（※1） を含んだ泡で気持ち良く、泡持ち良く洗顔できます<br> <br>※1 炭酸ガス（噴射剤）<br> <br><br>■泡立て必要なしのラクチン洗顔<br> <br>顔や手やブラシを水で濡らす必要なし、泡立て時間必要なし、泡立てテクニック必要なし、泡ダレしにくい泡なので洗顔中の泡が垂れにくい、下を向かずに鏡を見ながら洗顔出来る<br> <br>お肌密着泡なのに、顔に付いた泡+ブラシの泡はサッと洗い流す事が可能です<br><br>カテゴリーキーワード:サロニア SALONIA エクストラクリーミーフォーム イオンフェイシャルブラシ SAL21202SL専用フォーム SAL21202CF 泡洗顔 微細炭酸泡 ふわもち泡 濃密 炭酸 炭酸ミクロ泡 炭酸泡クッション 密着泡 持続泡 炭酸パック 美肌 陶器肌 毛穴 毛穴レス 毛穴汚れ 古い角質 泡ダレしにくい モイスト成分 うるおい 艶 アンチエイジング 美魔女 おうち時間 お
価格：,1100
商品コード：,t-mall-tfn_kitt4582521681976
JANコード：,4582521681976
商品URL,https://store.shopping.yahoo.co.jp/t-mall-tfn/kitt4582521681976.html
"
"
商品名：,SALONIA サロニア スクエアイオンブラシ SL-014WH ホワイト 元箱あり 中古良品
説明：,スマホ、タブレットからご覧の方は、下記の【商品詳細を見る】から詳細情報を必ずご確認下さい。<br><br>商品名：SALONIA サロニア スクエアイオンブラシ SL-014WH ホワイト<br><br>商品管理番号：ER4-06-125<br><br>状態：本体に薄く汚れが有ります。櫛が若干曲がっております。<br>上記の状態ですが、目立った汚れや傷はなく、中古品としましては良好な状態です。<br><br>※詳しくは画像をご覧下さいませ。<br>※こちらの商品は消毒済みです。<br><br>動作：下記の「商品説明」にて記載しておりますので、必ずご確認お願い致します。<br><br>付属品：下記の「商品説明」にて記載しておりますので、必ずご確認お願い致します。
価格：,299
商品コード：,re-style5151_er4-06-125
JANコード：,
商品URL,https://store.shopping.yahoo.co.jp/re-style5151/er4-06-125.html
"
"
商品名：,【中古】サロニア ストレートヘアアイロン 24mm SALONIA ユニバースターコイズ SL-004S-UT
説明：,[タイプ] サロニア ストレートヘアアイロン 24mm SALONIA<br>[型番] SL-004S-UT<br>[カラー] ユニバースターコイズ<br>[状態] 　目立った傷みなどはありません。<br>　通電、温度の上昇は確認しましたが細かな確認は行っていないため完全な動作の保証はできません。
価格：,2000
商品コード：,kaucowking_tz00007553
JANコード：,
商品URL,https://store.shopping.yahoo.co.jp/kaucowking/tz00007553.html
"
"
商品名：,△SALONIA サロニア セラミックカールアイロン SL-008CP 25mm 中古並品
説明：,スマホ、タブレットからご覧の方は、下記の【商品詳細を見る】から詳細情報を必ずご確認下さい。<br><br>商品名： SALONIA サロニア セラミックカールアイロン SL-008CP 25mm  <br><br>商品管理番号：ER3-02-31<br><br>状態：持ち手部分に汚れがございます。<br>電源ボタン付近に塗装ハゲがございます。<br>※詳しくは画像をご覧くださいませ。<br><br>※こちらの商品はアルコール消毒済みです。<br><br>動作：下記の「商品説明」にて記載しておりますので、必ずご確認お願い致します。<br><br>付属品：下記の「商品説明」にて記載しておりますので、必ずご確認お願い致します。
価格：,999
商品コード：,re-style5151_er3-02-31
JANコード：,
商品URL,https://store.shopping.yahoo.co.jp/re-style5151/er3-02-31.html
"
"
商品名：,【中古】 SALONIA サロニア ヘアーアイロン ヘアアイロン SL-0045NV ストレートアイロン ケース付き （AL3）
説明：,【丁寧な梱包・迅速な対応を心がけます！】<br><br>★専用ケース付属<br><br>★全体的にとてもキレイな保存状態です。目立った傷や割れ、ハードダメージもございません。<br><br>★あくまで中古品のため、若干の使用感はございますが、あらかじめご了承ください。<br><br>★除菌・クリーニング後、丁寧に梱包しております。<br><br>★国内送料無料<br><br>★検品には万全を期しておりますが、あくまで中古品のため、若干の使用感等がある場合、モニターの発色具合によって、実際の物と色合いが異なる場合がございます。あらかじめご了承ください。また撮影後、汚い付属物等は取り除いている場合がございます。<br><br>★注文後、再度検品・メンテナンスを経て、迅速に発送致します。返金や返品のトラブルも早急に対応させて頂きますので安心してご購入下さい。<br><br>★記載ない限り原則、外箱、備品等は付属致しません。万が一検品漏れなどがあれば、評価前にメッセージにてご一報ください。<br><br>【すり替え防止のため、当店の商品は全てに商品番号・出荷直前の商品撮影を行っております。】
価格：,1940
商品コード：,saisei-soko_230807ki200-77-al3
JANコード：,
商品URL,https://store.shopping.yahoo.co.jp/saisei-soko/230807ki200-77-al3.html
"
"
商品名：,ミニ セラミック カールヘアアイロン SL-011CB ブラック SALONIA 25mm 海外対応 耐熱ポーチ付きUSED品
説明：,※当商品は中古商品です。<br>　簡易的なクリーニングを行っておりますが、表示以外の軽微な汚れや傷みがある場合がございます。<br>　在庫複数の場合、同等の商品からご発送致します。<br><br>[動作確認] 済<br><br>[商品状態]<br>(1)耐熱ポーチに薄く汚れあり<br>(2)外箱に汚れあり<br><br>[製品仕様] <br>メーカー：SALONIA サロニア<br>型番：SL-011CB<br>本体サイズ：255×48×60mm バレル径：Φ25mm<br>内容物：本体、耐熱ポーチ、取扱説明書（保証書付き）<br><br>【温度調節機能】100℃~210℃(5℃ずつ調整可能)<br>【コンパクト&amp;軽量】旅行や持ち運びにぴったり！軽量設計。<br><br>----<br>※商品画像に写っているものが全てとなります。<br>※弊社では保証を行っておりません。メーカー保証などにつきましては、メーカー様に直接お問い合わせください。<br>※保証書付属の場合においても、実際の保証可否について弊社では判断致しかねます。あらかじめご了承ください。<br>※プロダクトキー付属商品の場合、使用可否は確認しておりません。キーに使用ができないことが理由でのご返金にはご対応致しかねます。
価格：,1955
商品コード：,asian-funny-shop_nh0202993
JANコード：,4580383621376
商品URL,https://store.shopping.yahoo.co.jp/asian-funny-shop/nh0202993.html
"
"
商品名：,狼と香辛料XXIII Spring LogVI
説明：,年代記に語り継がれるほどの活躍で、借金に悩むサロニアを救った賢狼ホロと元行商人のロレンス。<br>その御礼の代わりにと、二人に贈られたのは、誰もがうらやむ貴族特権だった。<br><br>作：支倉 凍砂<br>発行元：KADOKAWA
価格：,748
商品コード：,comicmatomegai_9784049139426
JANコード：,9784049139426
商品URL,https://store.shopping.yahoo.co.jp/comicmatomegai/9784049139426.html
"
"
商品名：,狼と香辛料XXIV Spring LogVII (電撃文庫)
説明：,世界を変える大冒険へと向かった娘のミューリを追って、旅を続ける賢狼ホロと元行商人のロレンス。<br>だが借金で悩むサロニアの窮地を救ったロレンスの活躍が、思わぬ余波を生む。<br><br>作：支倉 凍砂<br>発行元：KADOKAWA
価格：,748
商品コード：,comicmatomegai_9784049148190
JANコード：,9784049148190
商品URL,https://store.shopping.yahoo.co.jp/comicmatomegai/9784049148190.html
"
"
商品名：,似合ってモテる!人気ヘアカタログ 人気読者モデル、人気サロモが登場
説明：,本 ISBN:9784072854396 主婦の友社／編 出版社:主婦の友社 出版年月:2012年08月 サイズ:127P 16cm 生活 ≫ ファッション・美容 [ ヘアカタログ ] ニアツテ モテル ニンキ ヘア カタログ ニンキ ドクモ ヘア カタログ ニンキ ドクシヤ モデル ニンキ サロモ ガ トウジヨウ ビジユアル ブンコ ビジュアル文庫 登録日:2013/04/03 ※ページ内の情報は告知なく変更になることがあります。
価格：,817
商品コード：,guruguru_9784072854396
JANコード：,9784072854396
商品URL,https://store.shopping.yahoo.co.jp/guruguru/9784072854396.html
"
"
商品名：,2WAYストレート＆カールヘアアイロン SL-002A 32mm SALONIA シルバーブラック MAX220℃USED品
説明：,※当商品は中古商品です。<br>　簡易的なクリーニングを行っておりますが、表示以外の軽微な汚れや傷みがある場合がございます。<br>　在庫複数の場合、同等の商品からご発送致します。<br><br>[動作確認] 済<br><br>[商品状態]<br>(1)カール仕様にするときにロックするための部品が破損しているため、閉じたままになりません。<br>(2)使用感があり全体的に傷があります。<br>(3)説明書が欠品しています。<br>[製品仕様] <br>メーカー：SALONIA(サロニア)<br>型番：SL-002A<br>本体サイズ：梱包サイズ約 360×90×70mm<br>内容物：本体、外箱<br><br>MAX220℃:100℃〜220℃の範囲で、5℃ずつ温度調整が可能です。<br><br>----<br>※商品画像に写っているものが全てとなります。<br>※弊社では保証を行っておりません。メーカー保証などにつきましては、メーカー様に直接お問い合わせください。<br>※保証書付属の場合においても、実際の保証可否について弊社では判断致しかねます。あらかじめご了承ください。<br>※プロダクトキー付属商品の場合、使用可否は確認しておりません。キーに使用ができないことが理由でのご返金にはご対応致しかねます。
価格：,1783
商品コード：,asian-funny-shop_nh0202345
JANコード：,4580383620249
商品URL,https://store.shopping.yahoo.co.jp/asian-funny-shop/nh0202345.html
"
"
商品名：,【廃番】ヴィーナス ヘアアイロン耐熱ホルダー NCD-555 ヘアアイロン耐熱ホルダー  ヘアアイロンスタンド  ヘアーアイロン置き 携帯
説明：,毎日使うヘアアイロンを、スタイリッシュに収納！<br>テーブルトップや壁面に押し付けてセットするだけ！<br>口径サイズに合うヘアアイロン全てに対応！<br>※NCD-38では使用できません。<br><br>サイズ：幅16×奥行8×高さ12.5cm<br>口径寸法：幅4×高さ4.4×長さ10.5cm<br>重量：（約）157g<br>材質：PET、ABS<br>耐熱温度：約240℃<br><br>※ヘアアイロンは付属しません。<br><br><br><br>検索キーワード：ヘアアイロン テスコム 充電式 海外 ストレート 業務用 2way<br>ケース ワンダム サロニア 電気バリカ 人気 おしゃれ 美容家電 ミニ 巻き方<br>コードレス マイナスイオン セラミックプレート ヘアドライヤー 頭皮エステ<br>マッサージャー カールドライヤー ホットカーラー ヘアケア 頭皮ケア スタイリング
価格：,1670
商品コード：,tanakatsuhan_810704gt
JANコード：,4580238301019
商品URL,https://store.shopping.yahoo.co.jp/tanakatsuhan/810704gt.html
"
"
商品名：,ヘアアイロン耐熱ホルダー ヘアアイロン専用耐熱ホルダー ヘアアイロンスタンド  ヘアーアイロン置き 携帯
説明：,ヘアアイロンやコテに使える耐熱スタンドです。<br>２４０℃まで対応のサロン仕様!<br><br>使用中のヘアアイロンの仮置きに<br>底面４つの吸盤でテーブルや机や鏡にしっかり固定！<br>持ち運び便利!<br><br>サイズ：（約）188×80×138mm<br>重量：約174g<br>耐熱温度：Max約240℃<br>対応サイズ：縦4.8ｃｍ×横3.7cmまで対応<br><br>※ヘアアイロンは付属しません。<br><br><br><br>検索キーワード：ヘアアイロン テスコム 充電式 海外 ストレート 業務用 2way<br>ケース ワンダム サロニア 電気バリカ 人気 おしゃれ 美容家電 ミニ 巻き方<br>コードレス マイナスイオン セラミックプレート ヘアドライヤー 頭皮エステ<br>マッサージャー カールドライヤー ホットカーラー コテ 頭皮ケア ヘアケア
価格：,1171
商品コード：,tanakatsuhan_hair01
JANコード：,4580398339204
商品URL,https://store.shopping.yahoo.co.jp/tanakatsuhan/hair01.html
"
"
商品名：,2WAYストレート&amp;カールヘアアイロン 32mm SALONMOON/サロンムーン プロ仕様220℃ ブラック SL-002AB USED品
説明：,※当商品は中古商品です。<br>　簡易的なクリーニングを行っておりますが、表示以外の軽微な汚れや傷みがある場合がございます。<br>　在庫複数の場合、同等の商品からご発送致します。<br><br>[動作確認] 済<br><br>[商品状態]<br>(1)本体にキズ、ヨゴレ有<br>(2)カール時のロックが壊れています<br>(3)説明書欠品<br><br>[製品仕様] <br>メーカー：SALONIA(サロニア)<br>型番：SL-002AB<br>本体サイズ：32L x 3.9W cm<br>内容物：本体、外箱<br><br>あらゆるランキングを総なめにしたサロニアシリーズ、ダントツの1番人気商品「ストレート＆カール　32mm」黒Ver.登場<br><br>----<br>※商品画像に写っているものが全てとなります。<br>※弊社では保証を行っておりません。メーカー保証などにつきましては、メーカー様に直接お問い合わせください。<br>※保証書付属の場合においても、実際の保証可否について弊社では判断致しかねます。あらかじめご了承ください。<br>※プロダクトキー付属商品の場合、使用可否は確認しておりません。キーに使用ができないことが理由でのご返金にはご対応致しかねます。
価格：,1966
商品コード：,asian-funny-shop_nh0202311
JANコード：,4580383620683
商品URL,https://store.shopping.yahoo.co.jp/asian-funny-shop/nh0202311.html
"
"
商品名：,似合ってモテる!人気ヘアカタログ 人気読者モデル、人気サロモが登場
説明：,本 ISBN:9784072854396 主婦の友社／編 出版社:主婦の友社 出版年月:2012年08月 サイズ:127P 16cm 生活 ≫ ファッション・美容 [ ヘアカタログ ] ニアツテ モテル ニンキ ヘア カタログ ニンキ ドクモ ヘア カタログ ニンキ ドクシヤ モデル ニンキ サロモ ガ トウジヨウ ビジユアル ブンコ ビジュアル文庫 登録日:2013/04/03 ※ページ内の情報は告知なく変更になることがあります。
価格：,817
商品コード：,ggking_9784072854396
JANコード：,9784072854396
商品URL,https://store.shopping.yahoo.co.jp/ggking/9784072854396.html
"
"
商品名：,似合ってモテる!人気ヘアカタログ 人気読者モデル、人気サロモが登場
説明：,本 ISBN:9784072854396 主婦の友社／編 出版社:主婦の友社 出版年月:2012年08月 サイズ:127P 16cm 生活 ≫ ファッション・美容 [ ヘアカタログ ] ニアツテ モテル ニンキ ヘア カタログ ニンキ ドクモ ヘア カタログ ニンキ ドクシヤ モデル ニンキ サロモ ガ トウジヨウ ビジユアル ブンコ ビジュアル文庫 登録日:2013/04/03 ※ページ内の情報は告知なく変更になることがあります。
価格：,817
商品コード：,dss_9784072854396
JANコード：,9784072854396
商品URL,https://store.shopping.yahoo.co.jp/dss/9784072854396.html
"
"
商品名：,似合ってモテる!人気ヘアカタログ 人気読者モデル、人気サロモが登場
説明：,本 ISBN:9784072854396 主婦の友社／編 出版社:主婦の友社 出版年月:2012年08月 サイズ:127P 16cm 生活 ≫ ファッション・美容 [ ヘアカタログ ] ニアツテ モテル ニンキ ヘア カタログ ニンキ ドクモ ヘア カタログ ニンキ ドクシヤ モデル ニンキ サロモ ガ トウジヨウ ビジユアル ブンコ ビジュアル文庫 登録日:2013/04/03 ※ページ内の情報は告知なく変更になることがあります。
価格：,817
商品コード：,starclub_9784072854396
JANコード：,9784072854396
商品URL,https://store.shopping.yahoo.co.jp/starclub/9784072854396.html
"
"
商品名：,SARONIAサロニア ストレート  ヘアアイロン  黒 201226 中古  送料510円
説明：,SARONIAのヘアアイロンです。お色は黒です。<br><br>中古でして少しほこりっぽいですが、問題なくご利用いただけます。１２０度〜２３０度までダイヤル式で調節可能です。<br><br>万が一も考え到着日を除き、１０日間の保証期間を設けます。<br><br>当店の送料は基本１商品分のみしかいただきません。たくさん買われてもお得です。（5日間以内で１番高い送料を採用ですが、1200円以上の送料設定のもの、１円スタートのものは除く）ぜひいろいろと他の商品も見てくださいませ！
価格：,440
商品コード：,resale_231227718
JANコード：,
商品URL,https://store.shopping.yahoo.co.jp/resale/231227718.html
"
"
商品名：,サロニア ミニストレートヘアアイロン ブラック SL-010SB ヘアアイロン  やや美品 中古保証  q3
説明：,&lt;br&gt;&lt;br&gt;中古ですが、比較的きれいなお品です。新品とは異なり、また美品とまではいきませんが、中古としたら、まだきれいな方でこれからまだまだお使いいただけるお品ですので、どうかご検討くださいませ。&lt;br&gt;&lt;br&gt;万が一も考え到着日を除き、１０日間の保証期間を設けます。ご入金価格まで保証いたします。必ず到着後動作をご確認くださいませ。&lt;br&gt;&lt;br&gt;当店の送料は基本１商品分のみしかいただきません。たくさん買われてもお得です。（5日間以内で１番高い送料を採用ですが、1200円以上の送料設定のもの、１円スタートのものは除く）ぜひいろいろと他の商品も見てくださいませ！
価格：,825
商品コード：,resale_230915725
JANコード：,
商品URL,https://store.shopping.yahoo.co.jp/resale/230915725.html
"
"
商品名：,SALONIA サロニア ストレートヒートブラシ　スリム　SL-012BKS 黒  やや美品 F2
説明：,
価格：,484
商品コード：,resale_230726112
JANコード：,
商品URL,https://store.shopping.yahoo.co.jp/resale/230726112.html
"
"
商品名：,洗顔ブラシ 極細毛 45万本 毛穴汚れ 黒ずみ くすみ 泡立て 皮脂 毛穴ケア 米ぬか油 保湿 洗顔料 濃密微細泡 柔らかい 美肌 ニキビ スキンケア 柔らか グッズ
説明：,洗顔ブラシ 極細毛 45万本 毛穴汚れ 摩擦レス 毛穴 黒ずみ くすみ トーンアップ 泡立て 皮脂 毛穴ケア 米ぬか油 保湿 洗顔料 濃密微細泡 柔らかい 美肌 ニキビ スキンケア 気持ちいい シルク 柔らか スパ グッズ サロニア ギフト プレゼント クリスマス<br>透明感 毛穴 洗体 マッサージ 背中洗い バスグッズ アイテム バスタイム 美肌 美容 ツボ押し グッズ プレゼント ギフト 花以外 実用的 実用品 プチギフト 美容 雑貨 グッズ 誕生日
価格：,1480
商品コード：,wist_face-brush
JANコード：,
商品URL,https://store.shopping.yahoo.co.jp/wist/face-brush.html
"
"
商品名：,ヘアアイロン耐熱ホルダー ヘアアイロン専用耐熱ホルダー ヘアアイロンスタンド  ヘアーアイロン置き 携帯
説明：,ヘアアイロンやコテに使える耐熱スタンドです。<br>２４０℃まで対応のサロン仕様!<br><br>使用中のヘアアイロンの仮置きに<br>底面４つの吸盤でテーブルや机や鏡にしっかり固定！<br>持ち運び便利!<br><br>サイズ：（約）188×80×138mm<br>重量：約174g<br>耐熱温度：Max約240℃<br>対応サイズ：縦4.8ｃｍ×横3.7cmまで対応<br><br>※ヘアアイロンは付属しません。<br><br><br><br>検索キーワード：ヘアアイロン テスコム 充電式 海外 ストレート 業務用 2way<br>ケース ワンダム サロニア 電気バリカ 人気 おしゃれ 美容家電 ミニ 巻き方<br>コードレス マイナスイオン セラミックプレート ヘアドライヤー 頭皮エステ<br>マッサージャー カールドライヤー ホットカーラー コテ 頭皮ケア ヘアケア
価格：,1171
商品コード：,lifemaru_hair01
JANコード：,4580398339204
商品URL,https://store.shopping.yahoo.co.jp/lifemaru/hair01.html
"
"
商品名：,ヘアアイロン ミニストレートアイロン 24mm 最高180度 ヘアアイロンM レディース メンズ 小型 軽量 おしゃれ rzjp 小型 ヘアケア 美容家電
説明：,最高温度約180度 360度回転式コード ミニストレートアイロン！<br>ワイドなプレートで使いやすい。<br>セラミックコーティング／フローティングプレートで髪に滑らかな仕上がりに。<br>プレートが温まったら、髪を挟んでゆっくり滑らせます。<br>幅24mmのプレートで髪をしっかりキャッチ。<br>カーブフォルムで毛先の内巻きや外巻きのアレンジも簡単です。<br><br>カラー：オリーブ、グレイ<br>サイズ:約W18×D3×H3.5cm<br>コード長:約180cm<br>重量:約230g<br>電源:AC100V　50/60Hz<br>定格消費電力:20W<br><br><br><br><br><br><br><br><br><br><br><br><br><br><br><br><br>[分類：スチーム ヘアドライヤー コテ テスコム 充電式<br> 2way ワンダム サロニア 電気バリカ<br>ミニ コードレス セラミックプレート 頭皮エステ<br>人気 マッサージャー ストレート カール ドライヤー<br>ホットカーラー プロ仕様 巻き髪 折りたたみ 収納<br>ポイント ソバージュ ワッフルくるくるドライヤー <br>業務 事務 オフィス 店舗 子ども テレーワーク ギフト<br>静電気防止 スタイリング おまけ付 パワフル 乾燥<br>おすすめ 3段階 時短 恒温 髪質改善 静音 携帯便利<br>オシャレ 持ち運び 家庭 旅行 男性 女性 ダメージ<br>スタイリッシュ ダメージ マイナスイオン 大風量<br>冷熱風 低騒音 速乾  艶髪 温風 冷風]
価格：,1970
商品コード：,lifemaru_mebl155hair
JANコード：,
商品URL,https://store.shopping.yahoo.co.jp/lifemaru/mebl155hair.html
"
"
商品名：,HERBRelax HELLO KITTY セラミックストレートヘアアイロン RHA-S41C1 無段階温度調整ダイヤル ハリツヤ潤いある髪へ レディス ヘアケア おしゃれ 美容家電
説明：,●うるおい感のある髪へ<br>「トルマリンセラミックコーティングプレート」<br>●一目で温度を確認できて操作しやすい　<br>「無段階温度調整ダイヤル」<br>●ストレートタイプなのにカールもできる<br>「アイロンサイズ 幅４１ ｘ 長さ８８ｍｍ」<br><br>【仕様】<br>カラー：ホワイト<br>外形寸法：W 約48 x D 約270 x H 約38 mm<br>質量：約340g<br>電源コード：約1.8m<br>定格電圧：AC 100V<br>消費電力：400W<br>ヒーター形式：MCHヒーター<br>スイッチ切替：ON - OFF　温度調整ダイヤル (無段階)<br>アイロン温度：約100 〜 180℃<br>自動通電OFF機能 ○ (60分後)<br><br><br><br><br><br><br><br><br><br>(検索キーワード：ヘアアイロン コテ テスコム 充電式<br>ストレート カール 海外対応 2way 業務用 ヘアケース ポイント<br>軽量 ワンダム サロニア 電気バリカ 人気 ミニ コードレス<br>マイナスイオン セラミックプレート ヘアドライヤー 頭皮エステ<br>収納 マッサージャー カールドライヤー 折りたたみ プレゼント<br>ホットカーラー スタイリング 頭皮ケア ヘアケア 巻き髪 プロ仕様<br>携帯 旅行用 ヘアセット ソバージュ ワッフル スチームヘアアイロン<br>コンパクト スタイリング ヘアブラシ ハローキティー)
価格：,1980
商品コード：,lifemaru_rha005
JANコード：,
商品URL,https://store.shopping.yahoo.co.jp/lifemaru/rha005.html
"
"
商品名：,HERBRelax HELLO KITTY セラミックストレートヘアアイロン RHA-S24C1 無段階温度調整ダイヤル ハリツヤ潤いある髪へ レディス ヘアケア おしゃれ 美容家電
説明：,●うるおい感のある髪へ<br>「トルマリンセラミックコーティングプレート」<br>●一目で温度を確認できて操作しやすい<br>「無段階温度調整ダイヤル」<br>●ストレートタイプなのにカールもできる<br>「アイロンサイズ 幅２４ ｘ 長さ９０ｍｍ」<br><br>【仕様】<br>カラー：ホワイト<br>外形寸法：W 約30 x D 約265 x H 約38 mm<br>質量：約290g<br>電源コード：約1.8m<br>定格電圧：AC 100V<br>消費電力：0.2 〜 500W<br>ヒーター形式：PTCヒーター<br>スイッチ切替：ON - OFF　温度調整ダイヤル (無段階)<br>アイロン温度：約100 〜 180℃<br>自動通電OFF機能 ：あり (60分後)<br><br><br><br><br><br><br><br><br><br><br>(検索キーワード：ヘアアイロン コテ テスコム 充電式<br>ストレート カール 海外対応 2way 業務用 ヘアケース ポイント<br>軽量 ワンダム サロニア 電気バリカ 人気 ミニ コードレス<br>マイナスイオン セラミックプレート ヘアドライヤー 頭皮エステ<br>収納 マッサージャー カールドライヤー 折りたたみ プレゼント<br>ホットカーラー スタイリング 頭皮ケア ヘアケア 巻き髪 プロ仕様<br>携帯 旅行用 ヘアセット ソバージュ ワッフル スチームヘアアイロン<br>コンパクト スタイリング ヘアブラシ ハローキティー)
価格：,1930
商品コード：,lifemaru_rhas005
JANコード：,
商品URL,https://store.shopping.yahoo.co.jp/lifemaru/rhas005.html
"
"
商品名：,ブラシ型ヘアアイロン 軽量 コンパクト ストレートアイロン WET＆DRY スタイリング 持ち運びOK ミニブラシ レディス 髪 ヘアケア おしゃれ 美容家電
説明：,360度回転式コード・絡まらないのでコードの傷み防止にも!<br>最高温度約190度！<br>サラツヤストレート!コンパクト設計で前髪・ボブヘアに！<br>ストレートヘアクセを伸ばして自然でカンタンに作れます！<br>ヘッド部分が小さく、ボブやショート等の短い髪や前髪、使いやすい!<br>便利・軽量・モチロン・旅行・出張・お泊りにも濡れた髪に使える！ <br><br>カラー：ゴールド、ピンク<br>サイズ：約W5×D3×H19.5cm<br>コード：約180cm <br>重量：約180g<br>規格 材質：PA66、アルミニウム、ABS <br>電源方式：交流式 <br>定格電圧：100V （50／60Hz ）<br>定格消費電力：25W <br>最高温度：約190度<br><br><br><br><br><br><br><br>(検索キーワード：ヘアアイロン コテ テスコム 充電式<br>ストレート カール 海外対応 2way 業務用 ヘアケース<br>ワンダム サロニア 電気バリカ 人気 ミニ コードレス<br>マイナスイオン セラミックプレート ヘアドライヤー 頭皮エステ<br>収納 マッサージャー カールドライヤー 折りたたみ ポイント<br>ホットカーラー スタイリング 頭皮ケア ヘアケア 巻き髪 プロ仕様<br>携帯 旅行用 ヘアセット ソバージュ ワッフル スチームヘアアイロン)
価格：,1980
商品コード：,lifemaru_minibrushing
JANコード：,
商品URL,https://store.shopping.yahoo.co.jp/lifemaru/minibrushing.html
"
"
商品名：,HerbRelax セラミックストレートヘアアイロン ハリツヤ潤いある髪へ ピンク YHA-S41A1-P 無段階温度調整ダイヤル レディス 髪 ヘアケア おしゃれ 美容家電
説明：,●うるおい感のある髪へ <br>「トルマリンセラミックコーティング」(アイロン部)<br>●温度状況が確認でき操作しやすい <br>「無段階温度調整ダイヤル１００〜１８０℃」<br>●プレートサイズ 「幅４１ｍｍ×８８ｍｍ」<br><br>【仕様】<br>カラー：ピンク<br>本体寸法：全長約270×幅約48mm×高さ約38mm<br>本体重量：約340g<br>定格電圧：100V<br>消費電力：0.2〜400W<br>自動電源OFF機能：あり(通電開始60分後)<br>電源コード：360度回転式　約1.8m<br>アイロン部寸法：幅約41mm×長さ約88mm<br>アイロン温度：約100〜180℃<br>温度調整：無段階　ダイヤル式<br>アイロン部：トルマリンセラミックコーティング<br><br><br><br><br><br><br><br><br>(検索キーワード：ヘアアイロン コテ テスコム 充電式<br>ストレート カール 海外対応 2way 業務用 ヘアケース ポイント<br>軽量 ワンダム サロニア 電気バリカ 人気 ミニ コードレス<br>マイナスイオン セラミックプレート ヘアドライヤー 頭皮エステ<br>収納 マッサージャー カールドライヤー 折りたたみ プレゼント<br>ホットカーラー スタイリング 頭皮ケア ヘアケア 巻き髪 プロ仕様<br>携帯 旅行用 ヘアセット ソバージュ ワッフル スチームヘアアイロン<br>コンパクト スタイリング ヘアブラシ)
価格：,1980
商品コード：,lifemaru_yha003
JANコード：,
商品URL,https://store.shopping.yahoo.co.jp/lifemaru/yha003.html
"
"
