itemUrl,itemName,itemPrice,catchcopy,itemPriceMax3,itemCaption,reviewCount,shopName,shopUrl
https://item.rakuten.co.jp/kobe-beauty-labo/sal004/,18日限定P5倍《公式店》大風量 速乾 ドライヤー【SALONIA サロニア スピーディー イオン ドライヤー】 送料無料 1年保証 ヘアドライヤー 軽量 さろにあ hk ▽ 2024SS,5600,サロニア　ドライヤー大風量 速乾 ドライヤー 楽天ランキング1位獲得 ヘアドライヤー 時短 サラサラ髪へ,5918,≫当店からのメールが届かないお客様はこちら ≫特定商取引法に基づく表記はこちら 商品名 SALONIA スピーディーイオンドライヤー 商品区分 家電 商品内容 詳しくはこちら＞＞ メーカー名 株式会社I−ne 広告文責 株式会社I−ne 0800-222ー2578 ○様々なシーンで利用できます○ プレゼント ギフト 年末年始 母の日 父の日 御中元 お中元 お見舞い 暑中御見舞 残暑御見舞 敬老の日 記念日 節分 卒業 卒園 バレンタインデー ホワイトデー ひな祭り お花見 ハロウィン クリスマス 冬ギフト お歳暮 御歳暮御祝 御礼 謝礼 御挨拶 粗品 贈答品 お土産 手土産 贈りもの お返し 引き出物 お祝い 結婚祝い 結婚内祝い 出産祝い 出産内祝い 快気祝い 快気内い プチギフト 七五三 入学式 開店祝い 開業祝い 新築祝い 誕生祝い 入学祝い 就職祝い ○ワード/用途○ ドライヤー ヘアドライヤー 速乾 強風 大風量 風量 大風速 時短 マイナスイオン 軽量 軽い コンパクト ターボ 美容師 美髪 メンズ レディース 男性 女性 ジェンダーレス 人気 ランキング おすすめ 温度 おしゃれ 口コミ くせ毛 ツヤ ノズル 冷風 話題 SALONIA サロニア さろにあ 旅行 用 軽量 旅行用 カールドライヤー,7079,アンド ハビット,https://www.rakuten.co.jp/kobe-beauty-labo/
https://item.rakuten.co.jp/kobe-beauty-labo/sn005/,18日限定P5倍《シェア日本1位》 【SALONIA ミニヘアアイロン ストレート (20mm)・カール (25mm)】送料無料 ヘアアイロン サロニア 海外対応 さろにあ 旅行 ストレートアイロン 旅行用 カールアイロン カールヘアアイロン,3828,持ち歩く、本格ヘアサロンMAX210℃/メーカー1年保障 / 海外対応 & 専用耐熱ケース付き高機能 ストレートアイロン　カールアイロン　ヘアアイロン　プロ仕様 カール25mm,3828,≫当店からのメールが届かないお客様はこちら ≫特定商取引法に基づく表記はこちら 商品名 【SALONIA】サロニア　ミニ　ストレートヘアアイロン SL-010SB（ブラック） 【SALONIA】サロニア　ミニ　ストレートヘアアイロン SL-010SW（ホワイト） 【SALONIA】サロニア　ミニ　セラミックカールヘアアイロン SL-011CB（ブラック） 【SALONIA】サロニア　ミニ　セラミックカールヘアアイロン SL-011CW（ホワイト） 商品区分 ヘアアイロン 本体サイズ ミニセラミックカールヘアアイロン：約255mm×48mm×60mm ミニストレートヘアアイロン：約245mm×25mm×35mm サイズ バレルサイズ（ミニセラミックカールヘアアイロン）：直径25mm プレートサイズ（ミニストレートヘアアイロン）：20mm×80mm 本体重量 ミニセラミックカールヘアアイロン：約270g（コード込み） ミニストレートヘアアイロン：約260g（コード込み） コードの長さ ミニセラミックカールヘアアイロン：2m ミニストレートヘアアイロン：1.9m プレート温度 100℃〜210℃ 電 源 AC100V〜240V 消費電力 30W(50/60Hz) 材質 ミニセラミックカールヘアアイロン：アルミニウム、セラミックコーティング、ラバーコーティング ミニストレートヘアアイロン：アルミニウム、チタニウムコーティング、セラミックコーティング（※） ※ミニストレートヘアアイロンのプレートは同じ素材(アルミニウム)ですが、カラーによってプレートのコーティング仕様が異なります。 ＜ブラック＞ 材質：アルミニウムプレート　チタニウムコーティング アルミニウムのプレート表面にチタニウム（金属）のコーティングをします。 ＜ホワイト＞ 材質：アルミニウムプレート　セラミックコーティング アルミニウムのプレート表面にセラミックのコーティングをします。 生産China 保証 【メーカー1年保証】※1年メーカー保証条件として保証書と併せて、販売店証明書、又は商品納品書の保管をお願い致します。 ※お買い上げから1年間、無料交換をさせていただきます。お気軽にお問合せくださいませ。 ※当店でご購入いただいたお客様は当店へご連絡くださいませ。 商品説明 あらゆるランキングを総なめにしたサロニアシリーズ、ダントツの1番人気商品「サロニア　ミニ　ストレートヘアアイロン」 瞬間ナチュラル、「艶」カール！プロ仕様高機能ヘアアイロンを限定カラー発売！ 【楽天市場総合ランキング1位獲得】 【楽天市場美容・家電ランキング1位獲得】【楽天市場女性ランキング1位獲得】 【楽天市場モバイルランキング1位獲】 ■コード長さ：2m ■最高温度210℃ ■セラミックコーティングプレート採用 ■約30分後に自動でオフ、オートパワーオフ機能 ■専用耐熱ポーチ ■ボタンロック機能 メーカー名株式会社I−ne 広告文責株式会社I−ne 0800-222ー2578 ○様々なシーンで利用できます○ プレゼント ギフト 年末年始 母の日 父の日 御中元 お中元 お見舞い 暑中御見舞 残暑御見舞 敬老の日 記念日 節分 卒業 卒園 バレンタインデー ホワイトデー ひな祭り お花見 ハロウィン クリスマス 冬ギフト お歳暮 御歳暮御祝 御礼 謝礼 御挨拶 粗品 贈答品 お土産 手土産 贈りもの お返し 引き出物 お祝い 結婚祝い 結婚内祝い 出産祝い 出産内祝い 快気祝い 快気内い プチギフト 七五三 入学式 開店祝い 開業祝い 新築祝い 誕生祝い 入学祝い 就職祝い ○ワード/用途○ ヘアアイロン ストレートアイロン ストレート ヘアアイロンストレート カール コテ トラベル 旅行 持ち歩き ミニ コンパクト スタイリング ポーチ ケース アイロン 髪 ヘア メンズ スリム チタニウム 傷みづらい 傷みにくい 美容師 くせ毛 海外対応 美髪 人気 ランキング おすすめ 温度 おしゃれ 口コミ くせ毛 ツヤ 話題 SALONIA サロニア さろにあ 持ち運び 旅行 旅行用 ストレートアイロン 旅行用アイロン ミニ カールアイロン カールヘアアイロン ストレートヘアアイロン,1663,アンド ハビット,https://www.rakuten.co.jp/kobe-beauty-labo/
https://item.rakuten.co.jp/kobe-beauty-labo/sal051/,18日限定P5倍《公式店》 ☆【SALONIA スタイリングオイル スタイリングミルク】サロニア ヘアオイル 質感 ヘアアレンジ ヘアアイロン さろにあ 友人 プレゼント ゆうパケット対象商品 アウトバス obcp,1760,新スタイリングが登場♪ ヘアアイロンの熱に反応 スタイル続く,1760,※ご注文商品の発送予定日が異なる場合は、一番遅い発送予定日に合わせての発送となります。（別商品をご注文の際は別送ができかねますので、ご注文商品が全て揃ってからの同梱発送となります。） ※ごく稀に同時注文のタイムラグや注文殺到により、欠品が生じる場合がございますが、その際は出荷までにお時間を頂戴する場合や、キャンセルとなる場合がございます。 〜【重要】必ずご確認くださいませ〜 「メール受信設定のお願い」 ※当店からのメールが届かない場合 当店ではご注文いただきましたお客様へ、ご注文日より（土日祝日を除く、2〜5営業日以内）順次メールにてご連絡をさせていただいております。 「andhabit.r@i-ne.co.jp」を受信設定いただきますようお願い致します。 ※下記の理由により当店からのメールが届かないこともございます ・メールアドレスの間違い ・携帯電話のドメイン指定及び受信設定 ・メールボックスの容量オーバー ・フリーメール、迷惑メールフィルター（フォルダ等）の設定 ・ウィルスソフトの設定 ご注文から3日（土日祝日を除く）を過ぎても当店からのメールが届かない場合はお問い合わせくださいませ。 ⇒当店からのメールが届かないお客様へ 商品名 【SALONIA】スタイリング オイル/ミルク 商品内容 詳しくはこちら＞＞ メーカー名 株式会社I−ne 広告文責 株式会社I−ne 0800-222ー2578 ○様々なシーンで利用できます○ プレゼント ギフト 年末年始 母の日 父の日 御中元 お中元 お見舞い 暑中御見舞 残暑御見舞 敬老の日 記念日 節分 卒業 卒園 バレンタインデー ホワイトデー ひな祭り お花見 ハロウィン クリスマス 冬ギフト お歳暮 御歳暮御祝 御礼 謝礼 御挨拶 粗品 贈答品 お土産 手土産 贈りもの お返し 引き出物 お祝い 結婚祝い 結婚内祝い 出産祝い 出産内祝い 快気祝い 快気内い プチギフト 七五三 入学式 開店祝い 開業祝い 新築祝い 誕生祝い 入学祝い 就職祝い ○ワード/用途○ サロニア ヘアオイル SALONIA スタイリングオイル スタイリングミルク ストレート カール 巻き髪 ウェーブ ワンカール 質感 メイク アレンジ ダメージケア スタイリング ヘアアレンジ ヘアアイロン さろにあ 家族 友人 女性 プレゼント,210,アンド ハビット,https://www.rakuten.co.jp/kobe-beauty-labo/
https://item.rakuten.co.jp/kobe-beauty-labo/sal301/,▼◇《公式店》【SALONIA サロニア スターターセット(ストレートヘアアイロン 24mm＆スピーディーイオンドライヤー)】 送料無料 ヘアアイロン ドライヤー コテ 1年保証 プレゼント さろにあ fncl 卒業式 入学式,9746,＼DEALで10％ポイントバック／05/17 10:00～05/27 9:59　サロニア ドライヤー＋ヘアアイロンのセットヘアアイロン プロ仕様230℃ストレートアイロンメーカー1年保証 送料無料,9746,≫当店からのメールが届かないお客様はこちら ≫特定商取引法に基づく表記はこちら 商品名 【SALONIA】ストレートヘアアイロン 商品内容 詳しくはこちら＞＞ メーカー名 株式会社I−ne 広告文責 株式会社I−ne 0800-222-2578 商品名 【SALONIA】スピーディーイオンドライヤー 商品内容 詳しくはこちら＞＞ メーカー名 株式会社I−ne 広告文責 株式会社I−ne 0800-222-2578 ○様々なシーンで利用できます○ プレゼント ギフト 年末年始 母の日 父の日 御中元 お中元 お見舞い 暑中御見舞 残暑御見舞 敬老の日 記念日 節分 卒業 卒園 バレンタインデー ホワイトデー ひな祭り お花見 ハロウィン クリスマス 冬ギフト お歳暮 御歳暮御祝 御礼 謝礼 御挨拶 粗品 贈答品 お土産 手土産 贈りもの お返し 引き出物 お祝い 結婚祝い 結婚内祝い 出産祝い 出産内祝い 快気祝い 快気内い プチギフト 七五三 入学式 開店祝い 開業祝い 新築祝い 誕生祝い 入学祝い 就職祝い ○ワード/用途○ ヘアアイロン ストレートアイロン ストレート ヘアアイロンストレート アイロン ドライヤー 大風量 速乾 髪 ヘア サロニア SALONIA さろにあ おすすめ 傷みづらい 傷みにくい 美容師 くせ毛 海外対応 hair straightener,169,アンド ハビット,https://www.rakuten.co.jp/kobe-beauty-labo/
https://item.rakuten.co.jp/kobe-beauty-labo/sal014/,18日限定P5倍【SALONIA サロニア スムースシャイン ヘアアイロン ストレート 24mm カール 32mm】プレミアム ヘアアイロン ストレート シルキープレート 送料無料 コテ 旅行用 ストレートアイロン さろにあ shb shsm,13200,シルキーテックプレートだから、緩やかに髪を温め、髪に優しく艶めくスタイリングに。,13200,≫当店からのメールが届かないお客様はこちら ≫特定商取引法に基づく表記はこちら 商品名 サロニア　スムースシャイン ストレートヘアアイロン　ブラック 24mm　SAL23105BK サロニア　スムースシャイン ストレートヘアアイロン　グレー 24mm　SAL23105GR サロニア　スムースシャイン カールヘアアイロン　ブラック 32mm　SAL23106BK 商品区分 家電 商品内容 ストレートヘアアイロン 詳しくはこちら＞＞ カールヘアアイロン 詳しくはこちら＞＞ メーカー名 株式会社I−ne 広告文責 株式会社I−ne 0800-222ー2578 ○様々なシーンで利用できます○ プレゼント ギフト 年末年始 母の日 父の日 御中元 お中元 お見舞い 暑中御見舞 残暑御見舞 敬老の日 記念日 節分 卒業 卒園 バレンタインデー ホワイトデー ひな祭り お花見 ハロウィン クリスマス 冬ギフト お歳暮 御歳暮御祝 御礼 謝礼 御挨拶 粗品 贈答品 お土産 手土産 贈りもの お返し 引き出物 お祝い 結婚祝い 結婚内祝い 出産祝い 出産内祝い 快気祝い 快気内い プチギフト 七五三 入学式 開店祝い 開業祝い 新築祝い 誕生祝い 入学祝い 就職祝い ○ワード/用途○ SALONIA サロニア さろにあ ヘアアイロン ストレートアイロン アイロン 24mm ストレート ツヤ キープ 人気 ランキング おすすめ 傷みづらい 傷みにくい 美容師 くせ毛 海外対応 hair straightener 持ち運び 旅行 旅行用 ストレートアイロン 旅行用アイロン,554,アンド ハビット,https://www.rakuten.co.jp/kobe-beauty-labo/
https://item.rakuten.co.jp/kobe-beauty-labo/sal054/,18日限定P5倍《公式店》【SALONIA サロニア エクストラ クリーミー フォーム ( 洗顔料 )[単品]】送料無料 洗顔 洗顔ブラシ 毛穴 毛穴汚れ 黒ずみ 洗顔フォーム 泡洗顔 泡 濃密泡 炭酸泡 エステ さろにあ 卒業式 入学式,2420,新登場!! SALONIAから自宅で炭酸エステ気分を味わえる洗顔フォームが登場!!,2420,※ご注文商品の発送予定日が異なる場合は、一番遅い発送予定日に合わせての発送となります。（別商品をご注文の際は別送ができかねますので、ご注文商品が全て揃ってからの同梱発送となります。） ※ごく稀に同時注文のタイムラグや注文殺到により、欠品が生じる場合がございますが、その際は出荷までにお時間を頂戴する場合や、キャンセルとなる場合がございます。 〜【重要】必ずご確認くださいませ〜 「メール受信設定のお願い」 ※当店からのメールが届かない場合 当店ではご注文いただきましたお客様へ、ご注文日より（土日祝日を除く、2〜5営業日以内）順次メールにてご連絡をさせていただいております。 「andhabit.r@i-ne.co.jp」を受信設定いただきますようお願い致します。 ※下記の理由により当店からのメールが届かないこともございます ・メールアドレスの間違い ・携帯電話のドメイン指定及び受信設定 ・メールボックスの容量オーバー ・フリーメール、迷惑メールフィルター（フォルダ等）の設定 ・ウィルスソフトの設定 ご注文から3日（土日祝日を除く）を過ぎても当店からのメールが届かない場合はお問い合わせくださいませ。 ⇒当店からのメールが届かないお客様へ 商品名 サロニア　エクストラクリーミーフォーム 商品内容 詳しくはこちら＞＞ メーカー名 株式会社I−ne 広告文責 株式会社I−ne 0800-222ー2578 ○様々なシーンで利用できます○ プレゼント ギフト 年末年始 母の日 父の日 御中元 お中元 お見舞い 暑中御見舞 残暑御見舞 敬老の日 記念日 節分 卒業 卒園 バレンタインデー ホワイトデー ひな祭り お花見 ハロウィン クリスマス 冬ギフト お歳暮 御歳暮御祝 御礼 謝礼 御挨拶 粗品 贈答品 お土産 手土産 贈りもの お返し 引き出物 お祝い 結婚祝い 結婚内祝い 出産祝い 出産内祝い 快気祝い 快気内い プチギフト 七五三 入学式 開店祝い 開業祝い 新築祝い 誕生祝い 入学祝い 就職祝い ○ワード/用途○ ＊,54,アンド ハビット,https://www.rakuten.co.jp/kobe-beauty-labo/
https://item.rakuten.co.jp/kobe-beauty-labo/sal036/,18日限定P5倍【SALONIA サロニア イージーカールヘアアイロン】 送料無料 イージーカール カールアイロン カールヘアアイロン ヘアアイロン アイロン 巻き髪 韓国巻き ニュアンス コテ 送料無料 1年保証 さろにあ gc,6930,ニュアンスカールヘアアイロン まわるヘッドで手軽にトレンドカール,6930,≫当店からのメールが届かないお客様はこちら ≫特定商取引法に基づく表記はこちら 商品名 【SALONIA】イージーカールヘアアイロン 商品区分 雑貨（家電） 商品内容 ＞＞詳しくはこちら 使用上の注意 ・ヘアカラーをした直後は使用しないでください。ヘアカラー剤の色素や成分が付着すると、プレート部分を痛めることがあります。2~3日経ってから使用してください。 ・ヘアマニキュアで毛染めをした場合は、シャンプーで十分に洗い流し、髪をしっかり乾かしてから使用してください。髪が濡れていると色落ちし、色素が付着して商品を傷めることがあります。 ・縮毛矯正をした髪の場合は、髪を痛めることがあるので使用しないでください。 ・家庭用のパーマ剤や「チオグリコール酸アンモニウム」「システイン」の成分表示のあるものとは併用しないでください。キューティクルを傷めることがあります。 ・かつらや付け毛には使用しないでください。変質・変色・変形のおそれがあります。 ・ひどく傷んだ髪には使用しないでください。 ・使用の際は、同じ箇所に長時間当て続けないようにしてください。髪を傷める原因となります。 ・過度に濡れた髪には使用しないでください。やけど・髪を傷める原因となります。 ・使用後はプレート部分や本体が大変高温です。直接触れたりしないでください。やけどの原因となります。 ・180℃以上で使用の場合、髪質によっては焦げたり煙が出たりすることがあります。その場合は温度を下げて使用してください。 ・使用後は電源がOFFになっていることを確認し、必ずコンセントから電源プラグを抜いてください。 ・電源を入れるとプレート付近の本体も熱くなります。触れないようにご使用ください。 ※詳細は取扱説明書をご確認ください 生産 中国 メーカー名 株式会社I−ne 広告文責 株式会社I−ne 0800-222ー2578 ○様々なシーンで利用できます○ プレゼント ギフト 年末年始 母の日 父の日 御中元 お中元 お見舞い 暑中御見舞 残暑御見舞 敬老の日 記念日 節分 卒業 卒園 バレンタイン バレンタインデー ホワイトデー ひな祭り お花見 ハロウィン クリスマス 冬ギフト お歳暮 御歳暮御祝 御礼 謝礼 御挨拶 粗品 贈答品 お土産 手土産 贈りもの お返し 引き出物 お祝い 結婚祝い 結婚内祝い 出産祝い 出産内祝い 快気祝い 快気内い プチギフト 七五三 入学式 開店祝い 開業祝い 新築祝い 誕生祝い 入学祝い 就職祝い ○ワード/用途○ カールアイロン カール ヘアアイロン ヘアーアイロン イージーカールヘアアイロン アイロン コテ SALONIA公式 SALONIA salonia サロニア さろにあ ウェーブ 美容 美容家電 ヘアセット ヘアケア 海外対応 海外 メンズ レディース MAX210℃ 高温 プロ仕様 人気 女性 おすすめ ミディアム ロング ボブ,89,アンド ハビット,https://www.rakuten.co.jp/kobe-beauty-labo/
https://item.rakuten.co.jp/kobe-beauty-labo/sal007-a/,▼◇コテ《シェア日本1位》 【SALONIA ミニヘアアイロン ブラック・カール (25mm)】送料無料 ヘアアイロン サロニア 海外対応 さろにあ 旅行 旅行用 カールアイロン カールヘアアイロン 新品未使用 卒業式 入学式,3828,持ち歩く、本格ヘアサロンMAX210℃/メーカー1年保障 / 海外対応 & 専用耐熱ケース付き高機能 プロ仕様 カール25mm,3828,※ご注文商品の発送予定日が異なる場合は、一番遅い発送予定日に合わせての発送となります。 （別商品をご注文の際は別送ができかねますので、ご注文商品が全て揃ってからの同梱発送となります。） 【返品返金について】 未開封・未使用の商品かつ商品到着後、1週間以内のみ承っております。 お客様都合によるご使用後・開封後の返品・キャンセル等はお受付できませんのでご了承ください。 ※お客様都合による返品の場合、送料・手数料はお客様ご負担となります。 （未開封/未使用/到着後1週間以内、全ての条件に該当する方のみが対象となります） 【交換について】 ヘアアイロン・ドライヤー等の電化製品の交換につきましては、日本国内のみご対応いたしております。 海外からの商品交換は対応しかねますので予めご了承ください。 交換につきましては購入日より1年間が対象となります。 ＜交換対象外理由＞ ・「使用しづらい」「○○が痛くなる」等の個人的感想に伴う使用感 ・「必要なくなった」「思っていたのと違った」「間違って注文した」などお客様側の都合 ・使用する事で生じる消耗部材の消耗、及び長期使用による経年劣化に伴う故障や劣化、不具合 ・商品到着後、お客様の責任により破損、故障、汚れ、不備が生じた場合 ※特定商取引法に基づく表記はこちら 商品名 【SALONIA】サロニア　ミニ　セラミックカールヘアアイロン SL-011CB（ブラック） 商品区分 ヘアアイロン 本体サイズ ミニセラミックカールヘアアイロン：約255mm×48mm×60mm サイズ バレルサイズ（ミニセラミックカールヘアアイロン）：直径25mm 本体重量 ミニセラミックカールヘアアイロン：約270g（コード込み） コードの長さ ミニセラミックカールヘアアイロン：2m プレート温度 100℃〜210℃ 電 源 AC100V〜240V 消費電力 30W(50/60Hz) 材質 ミニセラミックカールヘアアイロン：アルミニウム、セラミックコーティング、ラバーコーティング ＜ブラック＞ 材質：アルミニウムプレート　チタニウムコーティング アルミニウムのプレート表面にチタニウム（金属）のコーティングをします。 生産China 保証 【メーカー1年保証】※1年メーカー保証条件として保証書と併せて、販売店証明書、又は商品納品書の保管をお願い致します。 ※お買い上げから1年間、無料交換をさせていただきます。お気軽にお問合せくださいませ。 ※当店でご購入いただいたお客様は当店へご連絡くださいませ。 メーカー名株式会社I−ne 広告文責株式会社I−ne 0800-222ー2578 ○様々なシーンで利用できます○ プレゼント ギフト 年末年始 母の日 父の日 御中元 お中元 お見舞い 暑中御見舞 残暑御見舞 敬老の日 記念日 節分 卒業 卒園 バレンタインデー ホワイトデー ひな祭り お花見 ハロウィン クリスマス 冬ギフト お歳暮 御歳暮御祝 御礼 謝礼 御挨拶 粗品 贈答品 お土産 手土産 贈りもの お返し 引き出物 お祝い 結婚祝い 結婚内祝い 出産祝い 出産内祝い 快気祝い 快気内い プチギフト 七五三 入学式 開店祝い 開業祝い 新築祝い 誕生祝い 入学祝い 就職祝い ○ワード/用途○ ヘアアイロン ヘアアイロンストレート カール コテ トラベル 旅行 持ち歩き ミニ コンパクト スタイリング ポーチ ケース アイロン 髪 ヘア メンズ スリム チタニウム 傷みづらい 傷みにくい 美容師 くせ毛 海外対応 美髪 人気 ランキング おすすめ 温度 おしゃれ 口コミ くせ毛 ツヤ 話題 SALONIA サロニア さろにあ 持ち運び 旅行 旅行用 旅行用アイロン ミニ カールアイロン カールヘアアイロン,42,アンド ハビット,https://www.rakuten.co.jp/kobe-beauty-labo/
https://item.rakuten.co.jp/kobe-beauty-labo/sal014-add/,18日限定P5倍◇【SALONIA サロニア スムースシャイン ストレートヘアアイロン 24mm】プレミアム ヘアアイロン ストレート シルキープレート 送料無料 コテ 持ち運び 旅行 旅行用 ストレートアイロン さろにあ fncl,13200,シルキープレートだから、緩やかに髪を温め、髪に優しく艶めくスタイリングに。,13200,≫当店からのメールが届かないお客様はこちら ≫特定商取引法に基づく表記はこちら 商品名 サロニア　スムースシャイン ストレートヘアアイロン　ブラック 24mm　SAL23105BK サロニア　スムースシャイン ストレートヘアアイロン　グレー 24mm　SAL23105GR 商品区分 家電 商品内容 詳しくはこちら＞＞ メーカー名 株式会社I−ne 広告文責 株式会社I−ne 0800-222ー2578 ○様々なシーンで利用できます○ プレゼント ギフト 年末年始 母の日 父の日 御中元 お中元 お見舞い 暑中御見舞 残暑御見舞 敬老の日 記念日 節分 卒業 卒園 バレンタインデー ホワイトデー ひな祭り お花見 ハロウィン クリスマス 冬ギフト お歳暮 御歳暮御祝 御礼 謝礼 御挨拶 粗品 贈答品 お土産 手土産 贈りもの お返し 引き出物 お祝い 結婚祝い 結婚内祝い 出産祝い 出産内祝い 快気祝い 快気内い プチギフト 七五三 入学式 開店祝い 開業祝い 新築祝い 誕生祝い 入学祝い 就職祝い ○ワード/用途○ SALONIA サロニア さろにあ ヘアアイロン ストレートアイロン アイロン 24mm ストレート ツヤ キープ 人気 ランキング おすすめ 傷みづらい 傷みにくい 美容師 くせ毛 海外対応 hair straightener 持ち運び 旅行 旅行用 ストレートアイロン 旅行用アイロン,2,アンド ハビット,https://www.rakuten.co.jp/kobe-beauty-labo/
