itemUrl,itemName,itemPrice,catchcopy,itemPriceMax3,itemCaption,reviewCount,shopName,shopUrl,platform,janCode
https://item.rakuten.co.jp/nitori/8842174-/,連結できるNカラボ レギュラー 3段 カラーボックス ニトリ 【玄関先迄納品】,1590,可動棚 収納ボックス カラーボックス ラック 棚 収納ラック 本棚 ボックス収納 BOX,1590,●タテ・ヨコ連結できるカラーボックス●同じ幅の商品は上下に連結できます。※縦ジョイントパーツ(別売り)が必要です。※積み重ねは2個まで可●同じ高さの商品は左右に連結できます。※横ジョイントパーツ(別売り)が必要です。【お客様組立品】●プラスドライバー必要●組立てパーツ在中【耐荷重(約)】棚板1枚あたり：10kg【サイズ(約)】外寸：幅41.9×奥行29.8×高さ87.8cm内寸：幅39×奥行28×高さ85cm棚板の厚さ：12mm(※側板も共通)棚ピッチ(棚穴の間隔)：32mm【材質】パーティクルボードホワイトウォッシュ/8842174ライトブラウン/8842192ミドルブラウン/8842209ブラック/8842231主な素材：パーティクルボードサイズ(約)：幅41.9×奥行29.8×高さ87.8cm保証年数：1年重量：約8.8kg組立時間目安：20分納品方法：玄関先迄納品 日時指定について,34,ニトリ,https://www.rakuten.co.jp/nitori/,Rakuten,
https://item.rakuten.co.jp/rack-kan/882921/,カラーボックス 3段 収納 アイリスオーヤマ スリム 本棚 収納棚 棚 2個セット収納 漫画 コミック 横置き 三段 収納ボックス 収納ケース 送料無料 コミックラック 頑丈 おしゃれ かわいい シンプル 木目調 セット 耐荷重80kg CX-3 北欧 一人暮らし 子供部屋,3390,アイリスオーヤマ カラーボックス 3段 送料無料 横置き 収納 三段 アイリス 黒 テレビ台 白 アイリスオオヤマ 2個 テレビ カラーボックス横置き 三段ボックス 収納 便利 一人暮らし,3390,"≪商品特徴≫ 大人気御礼！！ レビュー10,000件を突破したカラーボックス3段タイプのとってもおトクな2個セット！！ 側面板が木目調なのでおしゃれなインテリアを目指すなら、おススメです。 ≪商品仕様≫ 〇商品サイズ(cm) 幅約41.5×奥行約29×高さ約88 〇商品1棚内寸(cm) 幅約39×奥行約27.5×高さ約27.5 〇耐荷重(kg) 棚板1枚当り約30・全体約80 〇製品重量(kg) 約9.5 〇主要材質 棚：プリント紙化粧パーティクルボード 背板：MDF 〇棚板枚数 (固定)2枚 ※オフホワイトは木目調となります。 ※お色味のイメージ違いによる返品・交換はお受付できかねます。予めご了承ください。※ 【単品はこちら】 検索キーワード 収納 アイリス 収納棚 棚 カラーラック かわいい 可愛い おしゃれ 子供 子供部屋 ワンルーム 新居 読書 本 CD DVD ブルーレイ 頑丈 模様替え 大容量 いっぱい たくさん おすすめ 三段 横置き 3段 2個セット 三段 新生活 新生活応援 引っ越し 引っこし 一人暮らし 新居 ※配送先住所・カラー・数量など誤入力が増えております。ご注文確定前に必ずご確認ください。 あす楽対象商品に関するご案内 あす楽対象商品・対象地域に該当する場合はあす楽マークがご注文カゴ近くに表示されます。 詳細は注文カゴ近くにございます【配送方法と送料・あす楽利用条件を見る】よりご確認ください。 あす楽可能なお支払方法は【クレジットカード、代金引換、全額ポイント支払い】のみとなります。 下記の場合はあす楽対象外となります。 15点以上ご購入いただいた場合 時間指定がある場合 ご注文時備考欄にご記入がある場合 決済処理にお時間を頂戴する場合 郵便番号や住所に誤りがある場合 あす楽対象外の商品とご一緒にご注文いただいた場合ご注文前のよくある質問についてご確認下さい[　FAQ　] 大人気！【単品】はこちら カラーボックスと合わせて使える!! 収納用品は当店にお任せください！▼ カラーボックスラインナップはこちらから▼",10553,収納・家具・寝具の収納宅配館,https://www.rakuten.co.jp/rack-kan/,Rakuten,
https://item.rakuten.co.jp/kaguin/i256069f/,【2個セット】 カラーボックス 3段 収納ボックス 収納棚 アイリスオーヤマボックス収納 おもちゃ オープンラック 収納 リビング おしゃれ 本 子供 テレビ台 収納 絵本 キッチン 棚 ラック クローゼット収納 押し入れ収納 スリム CX-3,3390,耐荷重80kg 同色2個セット 収納ボックス 収納カラーボックス ボックス収納 おもちゃ オープンラック 収納 DIY リビング ひとり暮らし 一人暮らし 1人暮らし 新生活 DIY インテリア,3390,ワイドショー・DIY番組でもおなじみ！3段タイプのカラーボックスです。リビングやキッチン、押入やクローゼット内の整理整頓に最適です。80kgの重量に耐えられるので、横に設置して32V型の液晶 プラズマテレビのTV台としても使用OK。さらにカラーボックス専用収納ケースと組み合わせれば、自分だけの使いやすい収納空間が作れます。◆耐荷重：全体約80kg、棚板1枚あたり約30kg◆商品サイズ（cm）外寸：幅約41.5×奥行約29×高さ約88棚内寸：幅約39×奥行約27.5×高さ約27.5◆主要材質：本体、引出：プリント化粧パーティクルボード背板：MDF◆固定棚板：2枚※お客様組み立て ●【単品】はコチラから！ ※2023年4月24日：廃盤カラー(ACX-3：ホワイト×イエロー、ホワイト×ブルー、ホワイト×ブラウン)削除しました。 【カラーボックス 3段 CX-3 2個セット アイリスオーヤマ 送料無料 収納 DIY 収納ボックス おもちゃ 収納 リビング ひとり暮らし 一人暮らし 1人暮らし 新生活】 　 あす楽対象商品に関するご案内 あす楽対象商品・対象地域に該当する場合はあす楽マークがご注文カゴ近くに表示されます。 詳細は注文カゴ近くにございます【配送方法と送料・あす楽利用条件を見る】よりご確認ください。 あす楽可能なお支払方法は【クレジットカード、代金引換、全額ポイント支払い】のみとなります。 下記の場合はあす楽対象外となります。 15点以上ご購入いただいた場合 時間指定がある場合 ご注文時備考欄にご記入がある場合 決済処理にお時間を頂戴する場合 郵便番号や住所に誤りがある場合 あす楽対象外の商品とご一緒にご注文いただいた場合ご注文前のよくある質問についてご確認下さい[　FAQ　] ※配送先住所・カラー・数量などの入力間違いが増えています。ご注文後の注文内容変更はお受付致しかねます。再度ご確認ください。 ▼ご一緒にいかがですか カラーボックス専用引き出し カラーボックス専用レール ＼ こちらもおすすめです ／ 　,750,家具インテリア館,https://www.rakuten.co.jp/kaguin/,Rakuten,
https://item.rakuten.co.jp/irisplaza-r/k256069f/,カラーボックス 同色2個セット 3段 棚 収納 CX-3CBボックス アイリスオーヤマ ラック 本 おしゃれ【iris_dl04】【iris_dl】,2999,カラーボックス 3段 棚 収納,3390,※数量限定商品はご注文が完了しても完売になる場合がございます。ご注文をいただいた後にお断りさせていただく場合がございますのでなにとぞご了承ください。シンプルで使いやすい3段タイプのカラーボックスのお得な2個セットです。パーティクルボードの一枚板を使用しているので、耐荷重約80kgでとっても丈夫！ネジや釘も使えます。別売のパーツを使用して、システム展開も可能です。組み立てには握り部分が直径3cm以上のプラスドライバーが必要です。★お客様組立★→自由に選べる1個売りもあります♪ご注文はこちら！●商品サイズ（cm）外寸：幅約41.5×奥行約29×高さ約88棚内寸：幅約39×奥行約27.5×高さ約27.5●耐荷重棚板1枚あたり約30kg、全体約80kg●主要材質棚板：プリント化粧パーティクルボード背板：MDF あす楽に関しまして あす楽対象商品、対象地域に該当する場合あす楽マークがご注文かご近くに表示されます。 詳細は注文かご近くにございます【配送方法と送料・あす楽利用条件を見る】よりご確認いただけます。 あす楽可能なお支払方法は【クレジットカード、代金引換、全額ポイント支払い】のみとなります。 下記の場合はあす楽対象外となります。 14時以降のご注文の場合(土曜日は12時まで) 時間指定がある場合 決済処理にお時間を頂戴する場合 ご注文時備考欄にご記入がある場合 郵便番号や住所に誤りがある場合 15点以上ご購入いただいた場合 あす楽対象外の商品とご一緒にご注文いただいた場合　 　 ★ご注文前のよくある質問についてご確認下さい★,89,アイリスオーヤマ公式 楽天市場店,https://www.rakuten.co.jp/irisplaza-r/,Rakuten,
https://item.rakuten.co.jp/gekiyasukaguya/let300248/,【組立品/完成品が選べる】 カラーボックス 扉付き 2段 木製 キューブボックス キューブラック 木製ラック 収納 棚 オープンラック 北欧 cdラック スリム 収納棚 収納ボックス ユニットボックス リビング収納 ディスプレイラック リビング 送料無料 LET300248,3980,カラーボックス ロータイプ 本棚 扉 低い 収納棚 収納 正方形 キューブボックス サイドボード 棚 2段 マルチラック 収納ラック おしゃれ 約 幅60 奥行30 高さ60 cm 白 茶 人気,6280,"■決済方法 クレジットカード 銀行振込（前払い） セブンイレブン（前払い） ローソン、郵便局ATM等（前払い） 後払い決済〔54,000円以上ご利用不可〕 代金引換〔100,000円以上ご利用不可〕 詳細はコチラ 関連キーワードカラーボックス キューブボックス 収納ボックス 収納BOX スタッキングボックス スタックボックス オープンボックス 仕切りボックス 2段ボックス 2段カラーボックス 木製収納ボックス 小物収納ボックス 扉付きカラーボックス インテリアボックス カラーボックス・ボックス型収納 扉付き収納ボックス DVD収納box CD収納box BD収納box ラック キューブラック オープンラック 収納ラック 木製ラック ウッドラック ミニラック マルチラック 多目的ラック ディスプレイラック コミックラック コミック収納ラック ブックラック 絵本ラック マガジンラック デザインラック DVDラック DVD収納ラック CDラック CD収納ラック TVラック テレビラック オーディオラック ランドセルラック キッチンラック レンジラック 本棚 ミニ本棚 マンガ本棚 扉付き本棚 積み重ね本棚 棚 収納棚 整理棚 積み重ね棚 書棚 絵本棚 CD収納棚 DVD収納棚 押入れ収納棚 キッチン収納棚 扉付き棚 コミック収納棚 扉付き収納 DVD収納 CD収納 BD収納 コミック収納 本収納 小物収納 ゲーム機収納 壁面収納 リビング収納 キッチン収納 ランドリー収納 押入れ収納 押し入れ収納 便利収納 書庫 木箱 本箱 おもちゃ箱 おもちゃばこ 玩具箱 オモチャ箱 収納箱 テレビ台 TV台 木製テレビ台 ボックスタイプ カップボード テレビボード TVボード リビングボード サイドボード ミドルボード ローボード サイドテーブル ベッドサイドテーブル インテリア 収納家具 ウッド 木 木製 小さい コンパクト ミドル 低い 低め ロー ロータイプ スタッキング 連結 積み重ね 積み上げ 重ね置き 二段 2段 棚付き 可動棚 可動式 仕切り 扉付き 扉 オープン 電話台 fax台 ファックス台 レンジ台 トースター台 コレクション ゲーム 雑誌 同人誌 カタログ 文具 文房具 書類 本 漫画 まんが マンガ コミック 文庫 CD DVD BD 文庫本 単行本 小説 絵本 ランドセル バッグ カバン プリンター 教科書 教材 ノート A4 おもちゃ 小物 観葉植物 見せる 収納 隠し 整理 ディスプレイ テレビ てれび TV 台 レンジ 電子レンジ オーブンレンジ トースター 炊飯器 炊飯ジャー ポット 電気ポット 電気ケトル キッチン家電 調理家電 調理器具 置き場 大人 子供 こども 子ども キッズ 子供用 男性 女性 新生活 シンプル ナチュラル 北欧 モダン カントリー モノトーン 韓国インテリア キュート 可愛い かわいい かっこいい 姫 系 シャビーシック 四角形 正方形 約 幅60cm 奥行30cm 高さ60cm 幅60センチ 奥行30センチ 高さ60センチ 白 白色 茶 茶色 灰色 ホワイト オーク ベージュ ウォールナット ウォルナット ブラウン ダークブラウン グレー ピンク ホワイトインテリア ホワイトウッド 白家具 木目 木目調 木目入り 木目柄 無地 アクセントカラー リビング ソファー後ろ 子供部屋 子ども部屋 こども部屋 キッチン 台所 パントリー ダイニング 玄関 洗面所 脱衣場 トイレ 寝室 ベッドルーム ベッドサイド ワンルーム オフィス 書斎 ベットサイド ソファーサイド ソファサイド デスクサイド デスク下 クローゼット 押入れ 押し入れ 1人暮らし 一人暮らし ひとり暮らし リモートワーク テレワーク アースカラー 白っぽい おしゃれ オシャレ お洒落 完成品 組立不要 組み立て不要 サンキュークーポン対象 サンキュークーポン獲得 サンキュークーポン券 サンキュークーポン付 LKANET300248≫その他のクーポン対象商品はコチラ≪ ページの上へ戻る カラー詳細 商品サイズ ≫その他のクーポン対象商品はコチラ≪",506,インテリアのゲキカグ,https://www.rakuten.co.jp/gekiyasukaguya/,Rakuten,
https://item.rakuten.co.jp/nitori/8791502-/,[幅42.5cm] 簡単組立て Nクリック ボックス レギュラー2段 ニトリ 【玄関先迄納品】,2990,カラーボックス 収納 ラック シェルフ 本棚 棚 グッドデザイン賞受賞 ネジなし 簡単 力いらず 頑丈 自由自在 別売り キャスター スッキリ,2990,グッドデザイン賞受賞 ネジなし・簡単・力いらず＆頑丈のNクリック！●超・簡単に組立てられる！しかも頑丈！ ●別売りの追加棚板で、棚も増やせる。 ●ネジ穴が無いから見た目もスッキリ！ ■梱包サイズ(約)：幅91.3×奥行31.3×高さ7.5cm ■棚板耐荷重：（約）20kg ホワイトウォッシュ/8791502ライトブラウン/8791506ミドルブラウン/8791511主な素材：パーチクルボードサイズ(約)：幅42.5×奥行29.8×高さ83.7cm保証年数：1年重量：約9.42kg組立時間目安：約5分 納品方法：お客様組立家具・玄関先迄納品 日時指定について,18,ニトリ,https://www.rakuten.co.jp/nitori/,Rakuten,
https://item.rakuten.co.jp/rcmdin/fb-cbox/,アイデア∞の自由な収納! キューブボックス 扉 扉付き オープン ホワイト 北欧 cubebox カラーボックス 棚 ディスプレイラック シェルフ 本棚 おしゃれ 収納 ラック CUBEBOX【送料無料】,1380,【送料無料】キューブボックス カラーボックス 棚付き 大理石調 ホワイト 白 北欧 cubebox 2段 3段 1段 ラック シェルフ リビング 寝室 ダイニング キッチン 一人暮らし 新生活,1380,3タイプ×10色＝合計30種類から自由に選んで組み合わせ！基本のカラーからポップなカラーまでどんなお部屋にも合わせやすい！使う場所を選ばずいつでも追加できます！キッチン収納、キャビネット、テレビ台、本棚などマルチにお使いいただけます！■商品名アイデア∞の自由な収納！CUBEBOX[キューブボックス]■材質プリント化粧版パーティクルボード■梱包サイズ共通：（約）36.5×34×5.5cm■耐荷重（約）オープンタイプ：4kg／シェルフタイプ・ぴったり扉タイプ：5kg■商品重量（約）オープンタイプ：3.5kg／シェルフタイプ・ぴったり扉タイプ：4.5kg■生産国タイ※お客様組み立て品／プラスドライバーをご用意下さい。※サイズには若干の差があります。※モニターや環境によって色味に差がでることがございます。※接着剤のにおいがこもっている場合があります。組み立ての際は風通しの良い部屋で十分に換気を行うようお願い申し上げます。※仕様は予告なく変更になることがございます。予めご了承下さい【送料について】北海道、沖縄、離島は別途送料を頂きます。キューブボックス 35×35cm鍵付き扉タイプぴったり扉/シェルフ/オープンタイプぴったり扉/引き出し/ガラス扉/フラップ扉/ファイル収納/オープンタイプ,2848,リコメン堂インテリア館,https://www.rakuten.co.jp/rcmdin/,Rakuten,
https://item.rakuten.co.jp/model-bon/let300248/,【組立品/完成品が選べる】 扉付きカラーボックス 2段 二段 木製 キューブボックス 収納 カラーボックス 扉付き 正方形 扉付き棚 約 幅60 奥行30 高さ60 cm キューブラック 3タイプ ウォールナット オーク ホワイト グレー×ホワイト ピンク×ホワイト LET300248,3980,【ポイント5倍 5/27迄】 キューブラック 多目的ラック カラーボックス 木製 リビング ワンルーム 収納棚 低い ロー コンパクト 韓国インテリア 風 おしゃれ,6280,"■決済方法 クレジットカード 銀行振込（前払い） セブンイレブン（前払い） ローソン、郵便局ATM等（前払い） 後払い決済〔54,000円以上ご利用不可〕 代金引換〔100,000円以上ご利用不可〕 詳細はコチラ 関連キーワードカラーボックス キューブボックス 収納ボックス 収納BOX スタッキングボックス スタックボックス オープンボックス 仕切りボックス 2段ボックス 2段カラーボックス 木製収納ボックス 小物収納ボックス 扉付きカラーボックス インテリアボックス カラーボックス・ボックス型収納 扉付き収納ボックス DVD収納box CD収納box BD収納box ラック キューブラック オープンラック 収納ラック 木製ラック ウッドラック ミニラック マルチラック 多目的ラック ディスプレイラック コミックラック コミック収納ラック ブックラック 絵本ラック マガジンラック デザインラック DVDラック DVD収納ラック CDラック CD収納ラック TVラック テレビラック オーディオラック ランドセルラック キッチンラック レンジラック 本棚 ミニ本棚 マンガ本棚 扉付き本棚 積み重ね本棚 棚 収納棚 整理棚 積み重ね棚 書棚 絵本棚 CD収納棚 DVD収納棚 押入れ収納棚 キッチン収納棚 扉付き棚 コミック収納棚 扉付き収納 DVD収納 CD収納 BD収納 コミック収納 本収納 小物収納 ゲーム機収納 壁面収納 リビング収納 キッチン収納 ランドリー収納 押入れ収納 押し入れ収納 便利収納 書庫 木箱 本箱 おもちゃ箱 おもちゃばこ 玩具箱 オモチャ箱 収納箱 テレビ台 TV台 木製テレビ台 ボックスタイプ カップボード テレビボード TVボード リビングボード サイドボード ミドルボード ローボード サイドテーブル ベッドサイドテーブル インテリア 収納家具 ウッド 木 木製 小さい コンパクト ミドル 低い 低め ロー ロータイプ スタッキング 連結 積み重ね 積み上げ 重ね置き 二段 2段 棚付き 可動棚 可動式 仕切り 扉付き 扉 オープン 電話台 fax台 ファックス台 レンジ台 トースター台 コレクション ゲーム 雑誌 同人誌 カタログ 文具 文房具 書類 本 漫画 まんが マンガ コミック 文庫 CD DVD BD 文庫本 単行本 小説 絵本 ランドセル バッグ カバン プリンター 教科書 教材 ノート A4 おもちゃ 小物 観葉植物 見せる 収納 隠し 整理 ディスプレイ テレビ てれび TV 台 レンジ 電子レンジ オーブンレンジ トースター 炊飯器 炊飯ジャー ポット 電気ポット 電気ケトル キッチン家電 調理家電 調理器具 置き場 大人 子供 こども 子ども キッズ 子供用 男性 女性 新生活 シンプル ナチュラル 北欧 モダン カントリー モノトーン 韓国インテリア キュート 可愛い かわいい かっこいい 姫 系 シャビーシック 四角形 正方形 約 幅60cm 奥行30cm 高さ60cm 幅60センチ 奥行30センチ 高さ60センチ 白 白色 茶 茶色 灰色 ホワイト オーク ベージュ ウォールナット ウォルナット ブラウン ダークブラウン グレー ピンク ホワイトインテリア ホワイトウッド 白家具 木目 木目調 木目入り 木目柄 無地 アクセントカラー リビング ソファー後ろ 子供部屋 子ども部屋 こども部屋 キッチン 台所 パントリー ダイニング 玄関 洗面所 脱衣場 トイレ 寝室 ベッドルーム ベッドサイド ワンルーム オフィス 書斎 ベットサイド ソファーサイド ソファサイド デスクサイド デスク下 クローゼット 押入れ 押し入れ 1人暮らし 一人暮らし ひとり暮らし リモートワーク テレワーク アースカラー 白っぽい おしゃれ オシャレ お洒落 完成品 組立不要 組み立て不要 サンキュークーポン対象 サンキュークーポン獲得 サンキュークーポン券 サンキュークーポン付LKANET300248ページの上へ戻る カラー詳細 商品サイズ",154,MODEL（インテリア・雑貨）,https://www.rakuten.co.jp/model-bon/,Rakuten,
https://item.rakuten.co.jp/inskagu/431696/,【先着クーポン有♪】カラーボックス 2段 キャスター別売り 収納棚 収納ボックス アイリスオーヤマ 本棚 スリム 横置きコミックラック 押し入れ収納 組み合わせ自由 子供部屋 薄型 頑丈 インナーボックス オープンボックス テレビ台 ローボード 一人暮らし CX-2,1800,カラーボックス 2段 横置き 二段 カラーボックス 収納ケース 2段 CX-2 収納ボックス 収納ケース 箱 棚 カラーボックス ほんだな スリム 省スペース 北欧 収納BOX,1800,主要材質棚・プリント紙化粧パーティクルボード背板：MDF商品サイズ幅約41.5×奥行約29×高さ約59.5cm商品1棚内寸幅約39×奥行約27.5×高さ約27.5cm耐荷重棚板1枚当り30kg、全体50kgシンプルでコーディネートしやすいベーシックな2段木製オープンラックです！リビング収納や、キッチン・押入・クローゼット内の整理整頓にカラーボックスはいかがですか？ネジや釘も使えますのでおままごとキッチンのベースにも使えます。また、おもちゃの整理にも使えます。別売のキャスターやカラーボックス専用収納ケースと組み合わせれば、コスメワゴンなんかにも変身！？引出しを付ければミニチェストに！ちょっとした家具として使えます。キャスター（別売）付けて押入れ下段にも入ります。横にすればちょっとしたテレビ台、AVボード、テレビラックにもなります。CDラックやDVDラックなどのメディア収納にも使えますメタルラック（スチールラック）の棚に横においても便利。連結棚板を使って、カラーボックス同士をつなげれば、大型の書棚やタンス顔負けの収納力のあるオリジナルカラーボックスが作れます。棚は固定式です！■お客様組み立ての商品です。 あす楽に関するご案内 あす楽対象商品の場合ご注文かご近くにあす楽マークが表示されます。 対象地域など詳細は注文かご近くの【配送方法と送料・あす楽利用条件を見る】をご確認ください。 あす楽可能な支払方法は【クレジットカード、代金引換、全額ポイント支払い】のみとなります。 下記の場合はあす楽対象外となります。 ご注文時備考欄にご記入がある場合、 郵便番号や住所に誤りがある場合、 時間指定がある場合、 決済処理にお時間を頂戴する場合、 15点以上ご購入いただいた場合、 あす楽対象外の商品とご一緒にご注文いただいた場合ご注文前のよくある質問についてご確認下さい[　FAQ　] ＼こちらもおすすめ♪／ 収納ボックス キャビネット フラップラック,110,快適インテリア,https://www.rakuten.co.jp/inskagu/,Rakuten,
https://item.rakuten.co.jp/unidy/250476/,カラーボックス 6段 モジュールボックス 可動棚 MDB-6K アイリスオーヤマ収納ボックス キューブボックス 本棚 ディスプレイラック 木製 おしゃれ カラーボックス 収納 薄型 ラック 棚 コンパクト 収納ボックス 収納ケース,4380,,4380,単身者・学生など一人暮らしに最適な、シンプルなデザインの収納ボックスです。便利さを追求したサイズコンセプト。スペースを省き、使いやすいサイズに。棚板は、高さが自由に変えられる可動棚タイプ。●商品サイズ(cm)幅約36.6×奥行約29×高さ約144.6●主要材質プリント紙化粧パーティクルボード、プリント紙化粧繊維板（MDF）●耐荷重全体：70kg天板・底板：10kg棚板1枚あたり：10kg●カラーオフホワイト・ナチュラル・ウォールナットブラウンPC用商品説明文 あす楽対象商品に関するご案内 あす楽対象商品・対象地域に該当する場合はあす楽マークがご注文カゴ近くに表示されます。 詳細は注文カゴ近くにございます【配送方法と送料・あす楽利用条件を見る】よりご確認ください。 あす楽可能なお支払方法は【クレジットカード、代金引換、全額ポイント支払い】のみとなります。 15点以上ご購入いただいた場合あす楽対象外となります。 あす楽対象外の商品とご一緒にご注文いただいた場合あす楽対象外となります。本棚ランキング おすすめ商品 &#9660;人気No.1&#9660; &#9660;人気No.2&#9660; &#9660;人気No.3&#9660; 本棚をキーワードから探す &#9654;人気NO.1 &#9654;扉付き &#9654;スリムタイプ &#9654;大容量 &#9654;スライド式 &#9654;回転,1,ゆにでのこづち,https://www.rakuten.co.jp/unidy/,Rakuten,
https://item.rakuten.co.jp/jism/4953980450906-25-16380-n/,HP943WH 不二貿易 カラーボックス 3段(ホワイト) 93501 [HP943WH],1720,,1720,【返品種別A】□「返品種別」について詳しくはこちら□【不二貿易製品のお問い合わせにつきまして】ご購入前の仕様確認、およびご購入後の初期不良・不具合などのアフターサポートにつきましては、下記にお問い合わせください。［不二貿易株式会社　お問い合わせ窓口］：不二貿易株式会社＞Contact■外箱について配送中に外箱に汚れや傷が生じる場合がございます。誠に申し訳ございませんが、外箱のみの汚れや傷による商品の交換や返品は受け付けておりません。(商品に破損・欠品があった場合は、その限りではございません。)◆シンプルで使いやすいカラーボックスです。◆収納の定番中の定番。◆棚板は固定されているので、縦置きでも横置きでもご使用いただけます。◆リビングやキッチン、プライベートルームや子供部屋、玄関など置き場所を選ばず様々なお部屋でご使用いただけます。◆お気に入りのアイテムを飾ってディスプレイスペースとしても活用できます。◆収納ボックスと一緒に使うことで、生活雑貨類も片付けることができ、お部屋がスッキリとします。■　仕　様　■全体サイズ(約)：幅41.8×奥行29×高さ89cm板厚(約)：1.2cm棚板内寸(約)：幅39.5×奥行27.5×高さ28cm耐荷重(約)…全体：15kg棚板：5kg(1枚あたり)材質：プリント紙化粧パーティクルボード組立：お客様組立[HP943WH]不二貿易生活家電＞収納家具＞リビング収納＞収納ボックス＞カラーボックス＞ベーシックタイプ,1,Joshin web 家電とPCの大型専門店,https://www.rakuten.co.jp/jism/,Rakuten,
https://item.rakuten.co.jp/enetroom/250467/,カラーボックス 本棚 3段 モジュールボックス可動棚 モジュールボックス モジュールBOX カラーボックス 収納 棚 フリーラック 一人暮らし 便利 多機能 リビング 部屋 アイリスオーヤマ MDB-3K,2080,モジュールボックス モジュールBOX カラーボックス 収納 棚 フリーラック アイリスオーヤマ,2380,単身者・学生など一人暮らしに最適な、シンプルなデザインの収納ボックスです。便利さを追求したサイズコンセプト。スペースを省き、使いやすいサイズに。棚板は、高さが自由に変えられる可動棚タイプ。●商品サイズ(cm)幅約36.6×奥行約29×高さ約73.2●主要材質プリント紙化粧パーティクルボード、プリント紙化粧繊維板（MDF）●耐荷重全体：40kg天板・底板：10kg棚板1枚あたり：10kg●カラーオフホワイト・ナチュラル・ウォールナットブラウン【検索ワード】 カラーボックス 3段 アイリスオーヤマ カラーボックス収納 棚 収納棚 おしゃれ 3段 収納ボックス アイリスオーヤマ モジュールボックス 可動式棚 カラーボックス 横収納 リビング収納 A4が入る 子供部屋 収納 棚 収納棚 棚ラック モジュールボックス※【インナーボックスFIB-M33 】収納可能数※ ●固定棚タイプ：3つ ●可動棚タイプ：2つ 当店おすすめ特集 あす楽対象商品に関するご案内 あす楽対象商品・対象地域に該当する場合はあす楽マークがご注文カゴ近くに表示されます。 詳細は注文カゴ近くにございます【配送方法と送料・あす楽利用条件を見る】よりご確認ください。 あす楽可能なお支払方法は【クレジットカード、代金引換、全額ポイント支払い】のみとなります。 下記の場合はあす楽対象外となります。 15点以上ご購入いただいた場合 時間指定がある場合 ご注文時備考欄にご記入がある場合 決済処理にお時間を頂戴する場合 郵便番号や住所に誤りがある場合 あす楽対象外の商品とご一緒にご注文いただいた場合ご注文前のよくある質問についてご確認下さい[　FAQ　],19,便利生活　マイルーム,https://www.rakuten.co.jp/enetroom/,Rakuten,
https://item.rakuten.co.jp/rackworld/i256069f/,カラーボックス 3段 アイリスオーヤマ 収納 スリム 本棚 収納棚 棚 2個セット収納 漫画 コミック 横置き 三段 収納ボックス 収納ケース コミックラック 頑丈 おしゃれ かわいい シンプル 木目調 セット 耐荷重80kg 北欧 一人暮らし CX-3[PICK],3390,収納 おしゃれ 棚 ボックス 本棚 絵本棚 おもちゃ収納 漫画収納 ランドリー収納 横置き 三段 テレビ台 白 2個 テレビ カラーボックス横置き 三段ボックス 子供部屋 リビング,3390,※現在、お届け日時のご指定はお受付出来かねております。※配送先住所・カラー・数量など誤入力が増えております。ご注文確定前に必ずご確認ください。★お得な2個セット！★　 主要材質 棚・プリント紙化粧パーティクルボード 背板：MDF 商品サイズ 幅約41.5×奥行約29×高さ約88cm 商品1棚内寸 幅約39×奥行約27.5×高さ約27.5cm 耐荷重 棚板1枚当り30kg、全体80kg 製品重量 9.5kg シンプルでコーディネートしやすいベーシックな3段木製オープンラックです。 リビング収納や、キッチン・押入クローゼット内などを有効活用！ 住まいの整理整頓用収納ボックスにいかがですか？ 横にすればちょっとしたテレビ台、AVボード、テレビラックにもなります。 AV収納としてCDラックやDVDラックなどメディア収納用AVラックにも変身！ オフィス机やパソコンデスクの横に1つあると何かと便利です。 また、おもちゃの整理の収納ボックスにも活用できます。 専用収納ケースや扉と組み合わせれば、システム家具としてさらに自由自在！ キャスターや棚板を付けて、ソファ脇のワゴン、キッチンワゴンやキッチンカウンター、食器棚などのキッチン 収納にも使える！ 別売の引き出しを組み合わせればミニチェストやレターケースに、 扉をつければちょっとした小物整理用キャビネットに変身！ 玄関横でシューズラックにもなっちゃいます。 別売バスケットで衣類収納ラックにも。 連結棚板でカラーボックス同士をつなげ、壁面にセットで並べれば、 大容量の書棚などのシステム収納ボックスが作れます。 アイデアひとつで手作りのDIY収納術を自由自在に実現！ 一人暮らしでもご家族でお使いになられてもどちらもおすすめ。 新生活にもおすすめの収納用品です。 ※2枚の棚は固定式です。 ■お客様組み立ての商品です。 ※オフホワイトは木目調となります。 あす楽対象商品に関するご案内 あす楽対象商品・対象地域に該当する場合はあす楽マークがご注文カゴ近くに表示されます。 詳細は注文カゴ近くにございます【配送方法と送料・あす楽利用条件を見る】よりご確認ください。 あす楽可能なお支払方法は【クレジットカード、代金引換、全額ポイント支払い】のみとなります。 下記の場合はあす楽対象外となります。 15点以上ご購入いただいた場合 時間指定がある場合 ご注文時備考欄にご記入がある場合 決済処理にお時間を頂戴する場合 郵便番号や住所に誤りがある場合 あす楽対象外の商品とご一緒にご注文いただいた場合ご注文前のよくある質問についてご確認下さい[　FAQ　] こちらは2個セットの販売ページです 【単品】はこちら＞＞＞ 新生活にこちらもおすすめ！,27,Rack　World,https://www.rakuten.co.jp/rackworld/,Rakuten,
https://item.rakuten.co.jp/enetroom/1490251/,【2個セット】カラーボックス 3段 アイリスオーヤマ カラボ 収納ボックス 耐荷重80kg 三段 リビング 本収納 本棚 書棚 衣類収納 押入れ 木目調 ラック シェルフ 小物収納 テレビ台 キッチン 大容量 衣装ケース CX-3×2,3390,カラーボックス アイリスオーヤマ カラーボックス 3段 送料無料 横置き 収納 三段 アイリス 黒 テレビ台 白 アイリスオオヤマ 2個 テレビ カラーボックス横置き 三段ボックス,3390,・強度に優れネジやクギも使用できるパーティクルボード1枚板を使用 3段タイプのカラーボックスです。 耐荷重80kgだからたくさん収納できてうれしい！！ 釘が打てるので、自分流のアレンジカラーボックスも思いのまま！ リビング収納や、キッチン・押入・クローゼット内の 整理整頓にカラーボックスはいかがですか？ ネジや釘も使えますのでおままごとキッチンにも使えます。 別売キャスターやカラーボックス専用収納ケースと組み合わせれば、コスメワゴンなんかにも変身！？ 引出しを付ければミニチェストに！インテリア家具として使えます。 横にすればちょっとしたテレビ台、AVボード、テレビラックやCDラックにDVDラックなどのメディア収納に！ メタルラック（スチールラック）の棚に横においても便利。 連結棚板を使って、カラーボックス同士をつなげれば、大型の書棚やタンス顔負けの収納力のあるオリジナルカラーボックスが作れますよ。 ※お客様組み立て ≪チャコールのお届けについて≫ ※お届けいたします梱包箱には「木目（黒）」と記載させていただいております。 主要材質 棚・プリント紙化粧パーティクルボード 背板：MDF 商品サイズ 幅約41.5×奥行約29×高さ約88cmcm 棚内寸 幅約39×奥行約27.5×高さ約27.5cm 耐荷重 棚板1枚当り30kg、全体80kg ▼単品はこちらから！ 当店おすすめ特集 あす楽対象商品に関するご案内 あす楽対象商品・対象地域に該当する場合はあす楽マークがご注文カゴ近くに表示されます。 詳細は注文カゴ近くにございます【配送方法と送料・あす楽利用条件を見る】よりご確認ください。 あす楽可能なお支払方法は【クレジットカード、代金引換、全額ポイント支払い】のみとなります。 下記の場合はあす楽対象外となります。 15点以上ご購入いただいた場合 時間指定がある場合 ご注文時備考欄にご記入がある場合 決済処理にお時間を頂戴する場合 郵便番号や住所に誤りがある場合 あす楽対象外の商品とご一緒にご注文いただいた場合ご注文前のよくある質問についてご確認下さい[　FAQ　] まとめ買いで300円OFFクーポン配布中利用期間：4/6 15:00〜4/11 10:59クーポン獲得はこちら≫ こちらは2個セットの販売ページです,384,便利生活　マイルーム,https://www.rakuten.co.jp/enetroom/,Rakuten,
https://item.rakuten.co.jp/nitori/8842176-/,連結できるNカラボ ワイド 3段 カラーボックス ニトリ 【玄関先迄納品】,2990,可動棚 収納ボックス カラーボックス ラック 棚 収納ラック 本棚 ボックス収納 BOX,2990,●タテ・ヨコ連結できるカラーボックス●同じ幅の商品は上下に連結できます。※縦ジョイントパーツ(別売り)が必要です。※積み重ねは2個まで可●同じ高さの商品は左右に連結できます。※横ジョイントパーツ(別売り)が必要です。【お客様組立品】●プラスドライバー必要●組立てパーツ在中【耐荷重(約)】棚板1枚あたり：10kg【サイズ(約)】外寸：幅60.9×奥行29.8×高さ87.8cm内寸：幅59×奥行28×高さ85cm棚板の厚さ：12mm(※側板も共通)棚ピッチ(棚穴の間隔)：32mm【材質】パーティクルボードホワイトウォッシュ/8842176ライトブラウン/8842194ミドルブラウン/8842212ブラック/8842233主な素材：パーティクルボードサイズ(約)：幅60.9×奥行29.8×高さ87.8cm保証年数：1年重量：約10.68kg組立時間目安：20分納品方法：玄関先迄納品 日時指定について,6,ニトリ,https://www.rakuten.co.jp/nitori/,Rakuten,
https://item.rakuten.co.jp/kurashikenkou/1909877/,【3個セット】収納ボックス カラーボックス用 インナーケース 横置き用インナーボックス 収納ケース 収納box 雑貨 雑誌 CBボックス リビング収納FIB-27R FIB-38R ナチュラル グリーン ピンク ブルー ブラック ブラウン アイリスオーヤマ,1800,インナーボックス 小物 多目的 ストックボックス ストッカー 雑貨 雑誌 書類 DVD CD CBボックス CBBOX カラーボックス収納 収納ボックス 収納ケース インナーケース アイリスオーヤマ,2010,カラーボックスにぴったり収まる！向きに合わせて選べる縦置き、横置きの2type。◆アイリスオーヤマのCBボックスにぴったりのサイズ内寸幅39cm、高さ27.5cmのCBボックスにぴったり。使い勝手が良く、スッキリ収納できます。CX-1／CX-2／CX-3ならサイズもピッタリ。棚やラックの整理にもおすすめ。◆スッキリ収納お部屋に溢れてしまっている小物や衣類などをまとめて整理できます。横置きタイプは2WAYで使用可能。見せる収納と隠す収納を上手に使い分けることができます。リビング、洗面所、書斎等、いろんな場所で大活躍。◆便利な取っ手付き前面に取っ手が付いているから、引き出しやすく持ち運びもラクラク。◆簡単組立本体を広げて、底板をはめ込むだけ。誰でも簡単に組立できます。使用しない時はコンパクトに折りたたんで収納できます。※「縦置きタイプ」「横置きタイプ」の表記は、CBボックスをタテ向きに置いて使用する場合とヨコ向きにおいて使用する場合を意味しています。●商品サイズ(cm)FIB-27R　横置きタイプ　外寸：幅約27×奥行約27×高さ約38.5　内寸：幅約26.5×奥行約26.5×高さ約26〜37.5FIB-38R　縦置きタイプ　外寸：幅約38.5×奥行約27×高さ約27　内寸：幅約38×奥行約26.5×高さ約26●耐荷重約6kg●材質側地：不織布(ポリプロピレン100％)芯材：紙●タイプ縦置き、横置き●カラーホワイト、ブラウン、グレー、ネイビー、ピンク、ライトブルー、イエロー、カーキ（検索用：インナーボックス 小物 多目的 ストックボックス ストッカー 雑貨 雑誌 書類 DVD CD CBボックス CBBOX カラーボックス収納 収納ボックス 収納ケース インナーケース 4967576545013 4967576545020 4967576545037 4967576545044 4967576545051 4967576545068 4967576545075 4967576545082 4967576544924 4967576544931 4967576544948 4967576544955 4967576544962 4967576544979 4967576544986 4967576544993） あす楽対象商品に関するご案内 あす楽対象商品・対象地域に該当する場合はあす楽マークがご注文カゴ近くに表示されます。 詳細は注文カゴ近くにございます【配送方法と送料・あす楽利用条件を見る】よりご確認ください。 あす楽可能なお支払方法は【クレジットカード、代金引換、全額ポイント支払い】のみとなります。 下記の場合はあす楽対象外となります。 15点以上ご購入いただいた場合 時間指定がある場合 ご注文時備考欄にご記入がある場合 決済処理にお時間を頂戴する場合 郵便番号や住所に誤りがある場合 あす楽対象外の商品とご一緒にご注文いただいた場合,4,暮らし健康ネット館,https://www.rakuten.co.jp/kurashikenkou/,Rakuten,
https://item.rakuten.co.jp/rack-kan/431704/,カラーボックス 3段 収納 本棚 アイリスオーヤマ おしゃれ 北欧 スリム 収納棚 棚 ラック 頑丈 コンパクト 省スペース 収納ボックス 収納ケース 収納ラック おもちゃ収納 テレビ台 TV台 コミックラック シンプル かわいい 木目調 一人暮らし 送料無料 CX-3,2280,カラーボックス 三段 横置き 耐荷重80kg 押入れ収納 押入れ クローゼット収納 リビング 子供部屋 漫画 本 雑誌 小説 小物収納 ボックス 引っ越し 新生活 おもちゃ ランドリー ダイニング,2280,※大変人気商品のため、お取り置きは出来かねます。※ 商品特徴 大人気御礼！！ シンプルでコーディネートしやすいベーシックな3段木製オープンラックです。 リビング収納や、キッチン・押入クローゼット内などを有効活用！ 住まいの整理整頓用収納ボックスにいかがですか？ 横にすればちょっとしたテレビ台、AVボード、テレビラックにもなります。 激安で出来ちゃいます。 80kgの重量に耐えられるので32V型の液晶 プラズマテレビの TV台やちょっとした本棚、小さめの水槽だったら水槽台としてもOK。 AV収納としてCDラックやDVDラックなどメディア 収納用AVラックにも変身！ オフィス机やパソコンデスクの横に1つあると何かと便利です。 また、おもちゃの整理の収納ボックスにも活用できます。 専用収納ケースや扉と組み合わせれば、システム家具として さらに自由自在！タンスにも負けない収納力。 キャスターや棚板を付けて、ソファ脇のワゴン、 キッチンワゴンやキッチンカウンター、食器棚などのキッチン 収納にも使える！ 別売の引き出しを組み合わせればミニチェストやレターケースに、 扉をつければちょっとした小物整理用キャビネットに変身！ 玄関横でシューズラックにもなっちゃいます。 別売バスケットで衣類収納ラックにも。 連結棚板でカラーボックス同士をつなげ、壁面にセットで並べれば、 大容量の書棚などのシステム収納ボックスが作れますよ。 段数の違うカラーボックスを組み合わせて階段下の収納庫 が作れます。 アイデアひとつで手作りのDIY収納術を自由自在に実現！ 一人暮らしでもご家族でお使いになられてもどちらもおすすめ。 新生活にもおすすめの収納用品です。 2枚の棚は固定式です。 商品仕様 主要材質 棚：プリント紙化粧パーティクルボード 背板：MDF 商品サイズ 幅約41.5×奥行約29×高さ約88cm 商品1棚内寸 幅約39×奥行約27.5×高さ約27.5cm 耐荷重 棚板1枚当り約30kg、全体約80kg 製品重量 約9.5kg 備考 お客様組み立て品お色味のイメージ違いによる返品・交換はお受付できかねます。予めご了承ください。 検索キーワード カラーボックス 3段 押し入れ 押入れ 整理棚 押入れ 押入れ収納 押し入れ収納 横置き ボックス 新生活 新生活応援 引っ越し 引っこし 一人暮らし 新居 一人暮らし 収納 ダイニング収納 ベンチ あす楽対象商品に関するご案内 あす楽対象商品・対象地域に該当する場合はあす楽マークがご注文カゴ近くに表示されます。 詳細は注文カゴ近くにございます【配送方法と送料・あす楽利用条件を見る】よりご確認ください。 あす楽可能なお支払方法は【クレジットカード、代金引換、全額ポイント支払い】のみとなります。 下記の場合はあす楽対象外となります。 15点以上ご購入いただいた場合 時間指定がある場合 ご注文時備考欄にご記入がある場合 決済処理にお時間を頂戴する場合 郵便番号や住所に誤りがある場合 あす楽対象外の商品とご一緒にご注文いただいた場合ご注文前のよくある質問についてご確認下さい[　FAQ　] 収納用品は当店にお任せください！▼ お得な【2個セット】はこちら,8762,収納・家具・寝具の収納宅配館,https://www.rakuten.co.jp/rack-kan/,Rakuten,
https://item.rakuten.co.jp/irisplaza-r/k250482f/,モジュールボックス扉付 MDB-3D アイリスオーヤマ 収納棚 オシャレ 扉付き収納【iris_dl】【iris_dl04】,2981,,3190,単身者・学生など一人暮らしに最適な、シンプルなデザインの収納ボックスです。便利さを追求したサイズコンセプト。スペースを省き、使いやすいサイズに。扉付きで収納物を隠せるので、生活感を出さず、お部屋をスッキリと見せます。★お客様組み立て★●商品サイズ(cm)幅約36.6×奥行約29×高さ約73.2●主要材質プリント紙化粧パーティクルボード、プリント紙化粧繊維板（MDF）●耐荷重全体：40kg天板・底板：10kg棚板1枚あたり：10kg●カラーオフホワイト・ナチュラル・ウォールナットブラウン あす楽に関しまして あす楽対象商品、対象地域に該当する場合あす楽マークがご注文かご近くに表示されます。 詳細は注文かご近くにございます【配送方法と送料・あす楽利用条件を見る】よりご確認いただけます。 あす楽可能なお支払方法は【クレジットカード、代金引換、全額ポイント支払い】のみとなります。 下記の場合はあす楽対象外となります。 14時以降のご注文の場合(土曜日は12時まで) 時間指定がある場合 決済処理にお時間を頂戴する場合 ご注文時備考欄にご記入がある場合 郵便番号や住所に誤りがある場合 15点以上ご購入いただいた場合 あす楽対象外の商品とご一緒にご注文いただいた場合★ご注文前のよくある質問についてご確認下さい★,13,アイリスオーヤマ公式 楽天市場店,https://www.rakuten.co.jp/irisplaza-r/,Rakuten,
https://item.rakuten.co.jp/inskagu/250482/,カラーボックス 収納ボックス 扉付き 3段 幅約36.6 収納BOX 収納ケース 収納棚モジュールボックス 収納 おしゃれ アイリスオーヤマ 白 北欧 整理整頓 隠す収納 本棚 木製 一人暮らし リビング 新生活 大容量 子供部屋 北欧 MDB-3D【D】,2780,ボックス収納 扉付き 3段 三段 収納ボックス 扉付き モジュールボックス カラーボックス color box 絵本棚 とびら付き 戸棚 フリーラック アイリスオーヤマ 組立品 片付け,2780,■商品サイズ(cm)幅約36.6×奥行約29×高さ約73.2■主要材質プリント紙化粧パーティクルボード、プリント紙化粧繊維板（MDF）■耐荷重全体：40kg天板・底板：10kg棚板1枚あたり：10kg■カラーオフホワイト・ナチュラル・ウォールナットブラウン単身者・学生など一人暮らしに最適な、シンプルなデザインの収納ボックスです。便利さを追求したサイズコンセプト。スペースを省き、使いやすいサイズに。扉付きで収納物を隠せるので、生活感を出さず、お部屋をスッキリと見せます。 [検索用：カラーボックス 収納ボックス 扉付き 3段 幅約36.6 収納BOX 収納ケース 収納棚 モジュールボックス 収納 おしゃれ アイリスオーヤマ おしゃれ 本棚 木製 一人暮らし リビング 新生活 片付け 大容量 子供部屋 北欧 MDB-3D 春 夏 秋 冬 引っ越し 引越 お片付け 片付け こども部屋 ダイニング収納 漫画収納 A4 a4 A5 a5 頑丈 大容量 とびら付き 組み立て品 ウッド あす楽に関するご案内 あす楽対象商品の場合ご注文かご近くにあす楽マークが表示されます。 対象地域など詳細は注文かご近くの【配送方法と送料・あす楽利用条件を見る】をご確認ください。 あす楽可能な支払方法は【クレジットカード、代金引換、全額ポイント支払い】のみとなります。 下記の場合はあす楽対象外となります。 ご注文時備考欄にご記入がある場合、 郵便番号や住所に誤りがある場合、 時間指定がある場合、 決済処理にお時間を頂戴する場合、 15点以上ご購入いただいた場合、 あす楽対象外の商品とご一緒にご注文いただいた場合ご注文前のよくある質問についてご確認下さい[　FAQ　] ＼こちらもおすすめ♪／ 扉付きカラーボックス6段タイプ オープンラック3段タイプ 重ねる収納キュービック 本棚ランキング おすすめ商品 〜人気No.1〜 〜人気No.2〜 〜人気No.3〜 本棚をキーワードから探す &#9654;人気NO.1 &#9654;扉付き &#9654;スリムタイプ &#9654;大容量 &#9654;スライド式 &#9654;回転,176,快適インテリア,https://www.rakuten.co.jp/inskagu/,Rakuten,
https://item.rakuten.co.jp/nitori/8791519-/,[幅59.1cm] Nクリック ディープ ワイド3段 ニトリ 【玄関先迄納品】,5990,カラーボックス カラーボックス本体 2段 スリム 収納 木 シンプル,5990,●超・簡単に組立てられる！しかも頑丈！ ●別売りの追加棚板で、棚も増やせる。 ●ネジ穴が無いから見た目もスッキリ！・お客様組立品・工具不要・組み立て目安時間(約)：5分■(約)幅59.1cmホワイトウォッシュ/8791519ミドルブラウン/8791533ライトブラウン/8791526主な素材：パーチクルボードサイズ(約)：幅59.1×奥行39.4×高さ88.1cm保証年数：1年重量：約16.76kg組立時間目安：約5分納品方法：お客様組立家具・玄関先迄納品 日時指定について,7,ニトリ,https://www.rakuten.co.jp/nitori/,Rakuten,
https://item.rakuten.co.jp/kaguin/i256030f/,収納ボックス 収納棚 カラーボックス 3段 CX-3 アイリスオーヤマ 収納 DIY 収納ボックス おもちゃ 収納 リビング ひとり暮らし 一人暮らし 1人暮らし,2280,カラーボックス 収納ボックス CBボックス 小物収納 整理棚 リビング収納 本棚】●耐荷重80kg！,2280,"ワイドショー・DIY番組でもおなじみ！3段タイプのカラーボックスです。リビングやキッチン、押入やクローゼット内の整理整頓に最適です。80kgの重量に耐えられるので、横に設置して32V型の液晶 プラズマテレビのTV台としても使用OK。さらにカラーボックス専用収納ケースと組み合わせれば、自分だけの使いやすい収納空間が作れます。◆耐荷重：全体約80kg、棚板1枚あたり約30kg◆商品サイズ（cm）外寸：幅約41.5×奥行約29×高さ約88棚内寸：幅約39×奥行約27.5×高さ約27.5◆主要材質：本体、引出：プリント化粧パーティクルボード背板：MDF◆固定棚板：2枚◆""チャコール""の梱包箱には「木目（黒）」と記載させていただいております。※お客様組み立て ※2023年4月24日：廃盤カラー(ACX-3：ホワイト×イエロー、ホワイト×ブルー、ホワイト×ブラウン)削除しました。 　 あす楽対象商品に関するご案内 あす楽対象商品・対象地域に該当する場合はあす楽マークがご注文カゴ近くに表示されます。 詳細は注文カゴ近くにございます【配送方法と送料・あす楽利用条件を見る】よりご確認ください。 あす楽可能なお支払方法は【クレジットカード、代金引換、全額ポイント支払い】のみとなります。 下記の場合はあす楽対象外となります。 15点以上ご購入いただいた場合 時間指定がある場合 ご注文時備考欄にご記入がある場合 決済処理にお時間を頂戴する場合 郵便番号や住所に誤りがある場合 あす楽対象外の商品とご一緒にご注文いただいた場合ご注文前のよくある質問についてご確認下さい[　FAQ　] ※配送先住所・カラー・数量などの入力間違いが増えています。ご注文後の注文内容変更はお受付致しかねます。再度ご確認ください。 ▼ご一緒にいかがですか カラーボックス専用引き出し カラーボックス専用レール 組み立て動画はこちら ＼ こちらもおすすめです ／ 　",743,家具インテリア館,https://www.rakuten.co.jp/kaguin/,Rakuten,
https://item.rakuten.co.jp/inskagu/264868/,【先着クーポン有♪】カラーボックス 収納 アイリスオーヤマ 本棚 a4対応 収納ボックス 多目的収納棚 2段 3段 オープンボックス ランドセルラック 2列 二段 絵本収納 A4 シンプル リビング コミックラック 子供部屋 絵本棚 木製ラック シェルフ 北欧 CX-23C,3980,カラーボックス マルチラック 2列 二段 三段 3段 ラック 本棚 多目的ラック マルチラック 木製ラック シェルフ a4 A4 縦置き 横置き 北欧 アイリスオーヤマ,3980,2列コンビタイプのCBボックスです★ 小物や、キッチンの食品ストック・整理整頓に！ リビングの飾り棚としても便利に使えるカラーボックスです。 パーティクルボードの一枚板を使用しており、強度・対荷重に優れ、ねじや釘も使用可能です。 また、別売の棚板、棚受金具やキャスターを利用して、収納スペースを作ることができます☆ ※お客様組立 ※プラスドライバー使用 ■カラー： オフホワイト・フレンチオーク・ブラウンオーク ナチュラル・ブラウン・ホワイト・ビーチ ■商品サイズ（約）：幅60×奥行29×高さ88cm ■棚内寸（約） 3段部分：幅29×奥行27.5×高さ27.5cm 2段部分：幅29×奥行27.5×高さ41.5cm ■耐荷重 棚板1枚あたり約15kg、全体約80kg ■主要材質 棚板：プリント紙化粧パーティクルボード 背板：MDF あす楽に関するご案内 あす楽対象商品の場合ご注文かご近くにあす楽マークが表示されます。 対象地域など詳細は注文かご近くの【配送方法と送料・あす楽利用条件を見る】をご確認ください。 あす楽可能な支払方法は【クレジットカード、代金引換、全額ポイント支払い】のみとなります。 下記の場合はあす楽対象外となります。 ご注文時備考欄にご記入がある場合、 郵便番号や住所に誤りがある場合、 時間指定がある場合、 決済処理にお時間を頂戴する場合、 15点以上ご購入いただいた場合、 あす楽対象外の商品とご一緒にご注文いただいた場合ご注文前のよくある質問についてご確認下さい[　FAQ　] 組み立て方法 ＼こちらもおすすめ♪人気急上昇アイテム／ オープンラック フラップラック コミックラック,122,快適インテリア,https://www.rakuten.co.jp/inskagu/,Rakuten,
https://item.rakuten.co.jp/nitori/8791521-/,[幅59.1cm] Nクリック ディープ ワイド4段 ニトリ 【玄関先迄納品】,6990,カラーボックス カラーボックス本体 2段 スリム 収納 木 シンプル,6990,●超・簡単に組立てられる！しかも頑丈！ ●別売りの追加棚板で、棚も増やせる。 ●ネジ穴が無いから見た目もスッキリ！・お客様組立品・工具不要・組み立て目安時間(約)：5分■(約)幅59.1cmホワイトウォッシュ/8791521ミドルブラウン/8791534ライトブラウン/8791527主な素材：パーチクルボードサイズ(約)：幅59.1×奥行39.4×高さ116.9cm保証年数：1年重量：約21.34kg組立時間目安：約5分こちらは一般家庭向けの商品です。業務使用を前提とした構造にはなっておりません。 組立納品方法：お客様組立・玄関先迄納品 日時指定について,4,ニトリ,https://www.rakuten.co.jp/nitori/,Rakuten,
https://item.rakuten.co.jp/nitori/8842182-/,連結できるNカラボ 扉付き 3段 カラーボックス ニトリ 【玄関先迄納品】,2990,可動棚 収納ボックス カラーボックス ラック 棚 収納ラック 本棚 ボックス収納 BOX,2990,●タテ・ヨコ連結できるカラーボックス●同じ幅の商品は上下に連結できます。※縦ジョイントパーツ(別売り)が必要です。※積み重ねは2個まで可●同じ高さの商品は左右に連結できます。※横ジョイントパーツ(別売り)が必要です。【お客様組立品】●プラスドライバー必要●組立てパーツ在中【耐荷重(約)】棚板1枚あたり：10kg【サイズ(約)】外寸：幅41.9×奥行29.8×高さ87.8cm内寸：幅39×奥行26×高さ85cm棚板の厚さ：12mm(※側板も共通)棚ピッチ(棚穴の間隔)：32mm【材質】パーティクルボードホワイトウォッシュ/8842182ライトブラウン/8842199ミドルブラウン/8842217ブラック/8842238主な素材：パーティクルボードサイズ(約)：幅41.9×奥行29.8×高さ87.8cm保証年数：1年重量：約11.74kg組立時間目安：20分納品方法：玄関先迄納品 日時指定について,6,ニトリ,https://www.rakuten.co.jp/nitori/,Rakuten,
https://item.rakuten.co.jp/bon-kagu/abrhm0350/,【ポイント5倍 5/27迄】 【組立品/完成品が選べる】 ラック 3段 押入れ 棚 木製 カラーボックス 木製ラック 3段ラック 本棚 マガジンラック 収納ラック スリム テレビ台 テレビボード オープンラック CDラック ボックス オープン シェルフ 収納 横 子供 文庫本 シンプル,3480,ラック 3段 押入れ 棚 木製 カラーボックス 木製ラック 3段ラック 本棚 マガジンラック 収納ラック スリムスリム多目的ラック コスモス〔3段〕,9680,"■決済方法 クレジットカード 銀行振込（前払い） セブンイレブン（前払い） ローソン、郵便局ATM等（前払い） 後払い決済〔54,000円以上ご利用不可〕 代金引換〔100,000円以上ご利用不可〕 詳細はコチラ 関連キーワードラック チェスト カラーボックス からーぼっくす マルチラック 本棚 CDラック DVDラック CD収納 DVD収納 オープンラック オープンケース コミック収納 チェスと シェルフ 木製 書棚 3段 収納 木 白 ホワイト 黒 ブラック ダークブラウン 横 縦 ローラック コミック用 コミックラック コミック棚 コミック収納ボックス コミックボックス 子ども部屋 子供部屋 仕切り 収納ラック 洗面所 テレビ台 テレビボード 絵本 文庫本 漫画 マンガ 単行本 ピンク ブルー ナチュラル ウォールナット ウォルナット オーク a4 横置き 幅42 目隠し 棚 3段ボックス ボックスシェルフ インテリアシェルフ ローボード 収納棚 漫画収納棚 漫画ラック マンガラック 薄型ラック カラーラック スリムボックス マンガシェルフ スリムシェルフ 同人誌 a4収納 コミック おもちゃ キッズ こども リビング 木製ラック ストレージラック ウッドラック 3段ラック スリムラック ウッド 脱衣所 キッチン 北欧 アジアン 和 モダン カントリー インテリア マガジンラック ブックラック おもちゃ収納ラック 多目的ラック 台所 子供 シンプル CD DVD 本 ハイタイプ ロータイプ 奥深 超薄型 超薄型コミック本棚 子ども 大量収納 cd dvd 奥行29 押入れ スリム ボックス オープン コミックシェルフ 約 奥行30 高さ90 カラー ボックス 組立不要 組み立て不要 完成品 開梱設置 テレワーク アースカラー 黒っぽい 白っぽい おしゃれ オシャレ お洒落 げきかぐ ゲキカグ ぼんかぐ ボンカグ ボン家具 ぼん家具 株式会社ぼん家具 2023 クリスマス おすすめ サンキュークーポン対象 サンキュークーポン獲得 サンキュークーポン券 サンキュークーポン付 AKANBR920068 AKONBR920068ページの上へ戻るカラー詳細商品サイズ",70,BONBON【インテリア家具雑貨の店】,https://www.rakuten.co.jp/bon-kagu/,Rakuten,
https://item.rakuten.co.jp/gekiyasukaguya/abr920093/,【組立品/完成品が選べる】 本棚 スリム コミック 収納 カラーボックス 薄型 収納棚 横置き カラー ボックス ラック 木製 棚 書棚 コミック棚 漫画棚 同人誌 単行本 漫画 雑誌 a4 cd dvd ホワイト ブラック ウォールナット オーク 黒 白 2段 3段 約 幅60cm 奥行30 おしゃれ,4280,カラーボックス 本棚 スリム ロータイプ ラック 収納 キッズ こども 間仕切り 絵本 漫画 文庫本 二段 スリム収納 シェルフ オープン ブックシェルフ 北欧多目的ラック アジサイ,12480,"■決済方法 クレジットカード 銀行振込（前払い） セブンイレブン（前払い） ローソン、郵便局ATM等（前払い） 後払い決済〔54,000円以上ご利用不可〕 代金引換〔100,000円以上ご利用不可〕 詳細はコチラ 関連キーワード多目的ラック ローラック マルチラック ラック 木製 シェルフ ワイド スリム収納棚 棚 オープン オープンケース おもちゃ 書棚 ホワイト ブラック ウォールナット ウォルナット オーク カラフル 黒 白 2段 3段 幅600 コミック収納 CD収納 DVD収納 ブックシェルフ インテリアシェルフ ランドセル 奥行30cm 本棚 キッズ 収納 カラーボックス からーぼっくす CDラック DVDラック マガジンラック ブックラック ストレージラック a4 絵本 コミック 単行本 幅60 マンガ 漫画 雑誌 ロータイプ 横置き 縦 60cm 2列 三段 収納ボックス コミック棚 コミック収納ボックス コミックボックス ピンク ブラウン dvd 押入れ 小物 子供 二段 薄型 超薄型 超薄型コミック本棚 3段ボックス ウッドラック 木製ラック 収納ラック 3段ラック 収納棚 ウッド スリム キッチン 脱衣所 文庫 ブルー 北欧 オープンラック 奥行30 奥行29 絵本棚 絵本ラック おもちゃ箱 コミック用 コミックラック A4 小型 幅90 かばん カバン 台所 間仕切り 壁 奥深 こども 子供用 子ども 高さ90 ハイタイプ 子供部屋 横 目隠し ボックス マルチボックス ボックスシェルフ 文庫本 姫 cd 本 シンプル カラー 組立不要 組み立て不要 完成品 開梱設置 テレワーク アースカラー ナチュラル 黒っぽい 白っぽい おしゃれ オシャレ お洒落 げきかぐ ゲキカグ ぼんかぐ ボンカグ ボン家具 ぼん家具 株式会社ぼん家具 2023 クリスマス おすすめ サンキュークーポン対象 サンキュークーポン獲得 サンキュークーポン券 サンキュークーポン付 AKANBR920093 AKONBR920093ページの上へ戻るカラー詳細商品サイズ",1760,インテリアのゲキカグ,https://www.rakuten.co.jp/gekiyasukaguya/,Rakuten,
https://item.rakuten.co.jp/kaiteki-homes/c08cubebox/,キューブボックス CUBE BOX オープン 扉付き 棚付【収納ボックス カラーボックス 木製 ブラウン 茶 白 シンプル 収納棚 リビング収納 ウッドラック ディスプレイラック おしゃれ家具 スリム 本棚 3段 2段 ナチュラル ポイント消化 子供部屋 誕生日プレゼント】,1450,カラーボックス オープン 扉付き 棚付 収納ボックス キューブボックス 木製 収納家具 シンプル 棚 収納 収納棚 リビング スリム 本棚 3段 2段 新生活 シェルフ ディスプレイ,1450,DETAILS 収納ラックとしてはもちろん、組み合わせてTVラックやちょっとしたデスクやサイドテーブルにもお使いできます！ カラー展開はオーソドックスで様々な場面にマッチするブラウン・ナチュラル・ホワイトの3色展開。必要な分だけ組み合わせられるので、無駄なスペースを作らず空間を有効活用できますよ。 商品サイズ 外寸/幅345×奥行き295×高さ345（mm） 内寸(オープン・扉付き)/幅320×奥行き280×高さ320（mm） 内寸(棚付き)/幅320×奥行き285×高さ150（mm）（上下共通） 重量 3.6（kg） 材質 プリント紙化粧パーティクル カラー ブラウン（茶）/ナチュラル / ホワイト（白） 耐荷重 全体：約15kg / 棚板：約5kg 仕様 組立品（約10分～15分程度） 変更情報 2020年3月9日：ピンク・グリーン・オレンジ廃盤 注意事項 ・他店にて販売中の キューブボックスα / キューブボックスアルファ とは別の商品です。 お買い物の際は、会社概要の「その他の注意点」を必ずご確認ください。 商品情報 POINT1 オープンタイプ 中のモノを取り出しやすいオープンタイプは、雑誌や本、ファイルなど書籍や書類の収納におすすめ。 内寸の高さは32センチあるのでA4ファイルの収納も可能です。 POINT2 棚付きタイプ 棚付きタイプは、小物類の収納に便利。文房具やおもちゃなど小さいものをカゴを使って収納したり、おしゃれな 雑貨を置いて魅せる収納を楽しんだりと使い方は様々。 POINT3 扉付きタイプ あると便利な扉タイプ。中が見えないので見せたくない物は扉付きに収納。 収納物が見えないので、お部屋の印象もスッキリ見せることができます。 POINT4 組み合わせは自由自在 オープンタイプ、棚付きタイプ、扉タイプそれぞれを組み合わせて、お部屋に合うように自由にレイアウトが可能です。 あまり高く積み重ねると転倒の恐れがあるので、積み重ねは3段ぐらいまでが目安です。,4771,おしゃれ家具・照明の快適ホームズ,https://www.rakuten.co.jp/kaiteki-homes/,Rakuten,
https://item.rakuten.co.jp/rack-kan/264884/,＼楽天ランキング1位受賞／カラーボックス 4段 A4サイズ対応 CX-4F アイリスオーヤマ 押し入れ収納 四段 A4サイズ 収納ボックス 収納 本棚 書棚 おもちゃ 収納用品 おしゃれ BOX 収納ラック 押入れ収納 押入れ 押し入れ 文庫本 コミック パントリー 棚,4380,新生活 一人暮らし ひとり暮らし 新生活応援 ＼楽天ランキング1位受賞！／カラーボックス 4段 アイリスオーヤマ 横置き 収納ボックス おもちゃ TVボード,4380,※配送先住所・カラー・数量など誤入力が増えております。ご注文確定前に必ずご確認ください。※大変人気商品のため、お取り置きは出来かねます。※ 商品特徴 大人気御礼！！ A4サイズの本を縦にした状態で収納できるので、 ファイルや雑誌の整理に便利♪ 商品仕様 カラー オフホワイトブラウンオークナチュラルブラウン 商品1サイズ(cm) 幅41.4×奥行29.0×高さ134.6cm 棚内寸(cm) 幅約39×奥行き27.5×高さ約32.0cm 製品重量(kg) 約12.4kg 耐荷重量 棚板1枚あたり20kg全体約80kg 材質 プリント紙化粧パーティクルボード 備考 お客様組み立て 検索キーワード カラーボックス 4段 収納ケース チェスト a4 押入れ 押し入れ 押し入れ収納 整理棚 棚 引き出し 新生活 新生活応援 引っ越し 引っこし 一人暮らし 新居アイリスオーヤマ 収納ケース あす楽対象商品に関するご案内 あす楽対象商品・対象地域に該当する場合はあす楽マークがご注文カゴ近くに表示されます。 詳細は注文カゴ近くにございます【配送方法と送料・あす楽利用条件を見る】よりご確認ください。 あす楽可能なお支払方法は【クレジットカード、代金引換、全額ポイント支払い】のみとなります。 下記の場合はあす楽対象外となります。 15点以上ご購入いただいた場合 時間指定がある場合 ご注文時備考欄にご記入がある場合 決済処理にお時間を頂戴する場合 郵便番号や住所に誤りがある場合 あす楽対象外の商品とご一緒にご注文いただいた場合ご注文前のよくある質問についてご確認下さい[　FAQ　] その他のタイプはこちら 3段タイプ 5段タイプ 　 　 　,150,収納・家具・寝具の収納宅配館,https://www.rakuten.co.jp/rack-kan/,Rakuten,
https://item.rakuten.co.jp/select-f/fb-016d/,【5%クーポン】カラーボックス 収納 収納棚 ラック カラーボックス 扉付き コミックラック 収納 本棚 書棚 カラーBOX マルチラック 扉付き 60cm幅 テレワーク 在宅ワーク [送料無料],5990,レビュー書いて1000円クーポン進呈中」大好評マルチラックに扉付き！マルチラック扉付き60cm幅(3色有)収納 ラック 棚 カラーボックス 収納 ラック,5990,商品番号 FB-016D 商品説明 組立品(25分） 人気のマルチラックに扉付が登場！ 見せる収納と隠す収納をひとつに！ 扉付きが便利なマルチラック！ ほこりや日焼けから大事なものを守ります。 オープン部分には雑誌やファイル、すぐ取り出したりよく使うものの収納に。 扉部分には帽子や時計、アクセサリーなどの大事なものから、 ちょっとした目隠しとして急な来客時の避難場所にも！ 子供部屋に置いて、 学校で使う道具やランドセルなどを入れてもいいですね。 リビング、書斎、玄関、キッチン、子供部屋… 色々な使い道がある収納ラックです！ カラー ウォールナット(WAL) ホワイト(WH) サイズ (W)幅60cm×(D)奥行31.5cm×(H)高87cm オープン部内寸：W27.5×D27.5×H41cm 扉付部内寸：W27.5×D27.5×H27cm 材質 15mmパーティクルボード両面化粧紙貼り 取っ手：ABS樹脂 重量 17kg 梱包サイズ W91×D31×H12.5cm　18.5kg 送料 送料無料　※沖縄県配送不可 原産国 タイ,322,家具の達人 SELECT FURNITURE,https://www.rakuten.co.jp/select-f/,Rakuten,
https://item.rakuten.co.jp/kurashikenkou/256069/,【2個セット】カラーボックス 3段 収納ボックス 収納ケース カラーボックス CX-3 木目 13色おしゃれ 収納棚 本棚横置き 収納 三段 棚 収納 リビング収納 三段ボックス アイリスオーヤマ 耐荷重80kg【P】,3390,,3390,人に優しい低ホルムアルデヒド素材（JIS規格E1レベル）を使用している、3段タイプのカラーボックスです。パーティクルボードの1枚板を使用しているので、強度・耐加重にも優れ、ねじや釘も使用可能です。●お客様組立【商品サイズ（cm）】幅約41.5×奥行約29×高さ約88【商品重量】約9.5kg【棚内寸（cm）】幅約39×奥行約27.5×高さ約27.5【耐荷重】棚板1枚あたり約30kg、全体約80kg【主要材質】プリント紙化粧パーティクルボード（棚板）、MDF（背板） あす楽対象商品に関するご案内 あす楽対象商品・対象地域に該当する場合はあす楽マークがご注文カゴ近くに表示されます。 詳細は注文カゴ近くにございます【配送方法と送料・あす楽利用条件を見る】よりご確認ください。 あす楽可能なお支払方法は【クレジットカード、代金引換、全額ポイント支払い】のみとなります。 下記の場合はあす楽対象外となります。 15点以上ご購入いただいた場合 時間指定がある場合 ご注文時備考欄にご記入がある場合 決済処理にお時間を頂戴する場合 郵便番号や住所に誤りがある場合 あす楽対象外の商品とご一緒にご注文いただいた場合,668,暮らし健康ネット館,https://www.rakuten.co.jp/kurashikenkou/,Rakuten,
